{
    "type": "FeatureCollection",
    "name": "ghsl_tile_schema",
    "crs": {
        "type": "name",
        "properties": {
            "name": "urn:ogc:def:crs:ESRI::54009"
        }
    },
    "features": [
        {
            "type": "Feature",
            "properties": {
                "tile_id": "R10_C10",
                "left": -9041000,
                "top": 0,
                "right": -8041000,
                "bottom": -1000000
            },
            "geometry": {
                "type": "Polygon",
                "coordinates": [
                    [
                        [
                            -9041000.0,
                            0.0
                        ],
                        [
                            -8041000.0,
                            0.0
                        ],
                        [
                            -8041000.0,
                            -1000000.0
                        ],
                        [
                            -9041000.0,
                            -1000000.0
                        ],
                        [
                            -9041000.0,
                            0.0
                        ]
                    ]
                ]
            }
        },
        {
            "type": "Feature",
            "properties": {
                "tile_id": "R10_C11",
                "left": -8041000,
                "top": 0,
                "right": -7041000,
                "bottom": -1000000
            },
            "geometry": {
                "type": "Polygon",
                "coordinates": [
                    [
                        [
                            -8041000.0,
                            0.0
                        ],
                        [
                            -7041000.0,
                            0.0
                        ],
                        [
                            -7041000.0,
                            -1000000.0
                        ],
                        [
                            -8041000.0,
                            -1000000.0
                        ],
                        [
                            -8041000.0,
                            0.0
                        ]
                    ]
                ]
            }
        },
        {
            "type": "Feature",
            "properties": {
                "tile_id": "R10_C12",
                "left": -7041000,
                "top": 0,
                "right": -6041000,
                "bottom": -1000000
            },
            "geometry": {
                "type": "Polygon",
                "coordinates": [
                    [
                        [
                            -7041000.0,
                            0.0
                        ],
                        [
                            -6041000.0,
                            0.0
                        ],
                        [
                            -6041000.0,
                            -1000000.0
                        ],
                        [
                            -7041000.0,
                            -1000000.0
                        ],
                        [
                            -7041000.0,
                            0.0
                        ]
                    ]
                ]
            }
        },
        {
            "type": "Feature",
            "properties": {
                "tile_id": "R10_C13",
                "left": -6041000,
                "top": 0,
                "right": -5041000,
                "bottom": -1000000
            },
            "geometry": {
                "type": "Polygon",
                "coordinates": [
                    [
                        [
                            -6041000.0,
                            0.0
                        ],
                        [
                            -5041000.0,
                            0.0
                        ],
                        [
                            -5041000.0,
                            -1000000.0
                        ],
                        [
                            -6041000.0,
                            -1000000.0
                        ],
                        [
                            -6041000.0,
                            0.0
                        ]
                    ]
                ]
            }
        },
        {
            "type": "Feature",
            "properties": {
                "tile_id": "R10_C14",
                "left": -5041000,
                "top": 0,
                "right": -4041000,
                "bottom": -1000000
            },
            "geometry": {
                "type": "Polygon",
                "coordinates": [
                    [
                        [
                            -5041000.0,
                            0.0
                        ],
                        [
                            -4041000.0,
                            0.0
                        ],
                        [
                            -4041000.0,
                            -1000000.0
                        ],
                        [
                            -5041000.0,
                            -1000000.0
                        ],
                        [
                            -5041000.0,
                            0.0
                        ]
                    ]
                ]
            }
        },
        {
            "type": "Feature",
            "properties": {
                "tile_id": "R10_C15",
                "left": -4041000,
                "top": 0,
                "right": -3041000,
                "bottom": -1000000
            },
            "geometry": {
                "type": "Polygon",
                "coordinates": [
                    [
                        [
                            -4041000.0,
                            0.0
                        ],
                        [
                            -3041000.0,
                            0.0
                        ],
                        [
                            -3041000.0,
                            -1000000.0
                        ],
                        [
                            -4041000.0,
                            -1000000.0
                        ],
                        [
                            -4041000.0,
                            0.0
                        ]
                    ]
                ]
            }
        },
        {
            "type": "Feature",
            "properties": {
                "tile_id": "R10_C17",
                "left": -2041000,
                "top": 0,
                "right": -1041000,
                "bottom": -1000000
            },
            "geometry": {
                "type": "Polygon",
                "coordinates": [
                    [
                        [
                            -2041000.0,
                            0.0
                        ],
                        [
                            -1041000.0,
                            0.0
                        ],
                        [
                            -1041000.0,
                            -1000000.0
                        ],
                        [
                            -2041000.0,
                            -1000000.0
                        ],
                        [
                            -2041000.0,
                            0.0
                        ]
                    ]
                ]
            }
        },
        {
            "type": "Feature",
            "properties": {
                "tile_id": "R10_C19",
                "left": -41000,
                "top": 0,
                "right": 959000,
                "bottom": -1000000
            },
            "geometry": {
                "type": "Polygon",
                "coordinates": [
                    [
                        [
                            -41000.0,
                            0.0
                        ],
                        [
                            959000.0,
                            0.0
                        ],
                        [
                            959000.0,
                            -1000000.0
                        ],
                        [
                            -41000.0,
                            -1000000.0
                        ],
                        [
                            -41000.0,
                            0.0
                        ]
                    ]
                ]
            }
        },
        {
            "type": "Feature",
            "properties": {
                "tile_id": "R10_C1",
                "left": -18041000,
                "top": 0,
                "right": -17041000,
                "bottom": -1000000
            },
            "geometry": {
                "type": "Polygon",
                "coordinates": [
                    [
                        [
                            -18041000.0,
                            0.0
                        ],
                        [
                            -17041000.0,
                            0.0
                        ],
                        [
                            -17041000.0,
                            -1000000.0
                        ],
                        [
                            -18041000.0,
                            -1000000.0
                        ],
                        [
                            -18041000.0,
                            0.0
                        ]
                    ]
                ]
            }
        },
        {
            "type": "Feature",
            "properties": {
                "tile_id": "R10_C20",
                "left": 959000,
                "top": 0,
                "right": 1959000,
                "bottom": -1000000
            },
            "geometry": {
                "type": "Polygon",
                "coordinates": [
                    [
                        [
                            959000.0,
                            0.0
                        ],
                        [
                            1959000.0,
                            0.0
                        ],
                        [
                            1959000.0,
                            -1000000.0
                        ],
                        [
                            959000.0,
                            -1000000.0
                        ],
                        [
                            959000.0,
                            0.0
                        ]
                    ]
                ]
            }
        },
        {
            "type": "Feature",
            "properties": {
                "tile_id": "R10_C21",
                "left": 1959000,
                "top": 0,
                "right": 2959000,
                "bottom": -1000000
            },
            "geometry": {
                "type": "Polygon",
                "coordinates": [
                    [
                        [
                            1959000.0,
                            0.0
                        ],
                        [
                            2959000.0,
                            0.0
                        ],
                        [
                            2959000.0,
                            -1000000.0
                        ],
                        [
                            1959000.0,
                            -1000000.0
                        ],
                        [
                            1959000.0,
                            0.0
                        ]
                    ]
                ]
            }
        },
        {
            "type": "Feature",
            "properties": {
                "tile_id": "R10_C22",
                "left": 2959000,
                "top": 0,
                "right": 3959000,
                "bottom": -1000000
            },
            "geometry": {
                "type": "Polygon",
                "coordinates": [
                    [
                        [
                            2959000.0,
                            0.0
                        ],
                        [
                            3959000.0,
                            0.0
                        ],
                        [
                            3959000.0,
                            -1000000.0
                        ],
                        [
                            2959000.0,
                            -1000000.0
                        ],
                        [
                            2959000.0,
                            0.0
                        ]
                    ]
                ]
            }
        },
        {
            "type": "Feature",
            "properties": {
                "tile_id": "R10_C23",
                "left": 3959000,
                "top": 0,
                "right": 4959000,
                "bottom": -1000000
            },
            "geometry": {
                "type": "Polygon",
                "coordinates": [
                    [
                        [
                            3959000.0,
                            0.0
                        ],
                        [
                            4959000.0,
                            0.0
                        ],
                        [
                            4959000.0,
                            -1000000.0
                        ],
                        [
                            3959000.0,
                            -1000000.0
                        ],
                        [
                            3959000.0,
                            0.0
                        ]
                    ]
                ]
            }
        },
        {
            "type": "Feature",
            "properties": {
                "tile_id": "R10_C24",
                "left": 4959000,
                "top": 0,
                "right": 5959000,
                "bottom": -1000000
            },
            "geometry": {
                "type": "Polygon",
                "coordinates": [
                    [
                        [
                            4959000.0,
                            0.0
                        ],
                        [
                            5959000.0,
                            0.0
                        ],
                        [
                            5959000.0,
                            -1000000.0
                        ],
                        [
                            4959000.0,
                            -1000000.0
                        ],
                        [
                            4959000.0,
                            0.0
                        ]
                    ]
                ]
            }
        },
        {
            "type": "Feature",
            "properties": {
                "tile_id": "R10_C26",
                "left": 6959000,
                "top": 0,
                "right": 7959000,
                "bottom": -1000000
            },
            "geometry": {
                "type": "Polygon",
                "coordinates": [
                    [
                        [
                            6959000.0,
                            0.0
                        ],
                        [
                            7959000.0,
                            0.0
                        ],
                        [
                            7959000.0,
                            -1000000.0
                        ],
                        [
                            6959000.0,
                            -1000000.0
                        ],
                        [
                            6959000.0,
                            0.0
                        ]
                    ]
                ]
            }
        },
        {
            "type": "Feature",
            "properties": {
                "tile_id": "R10_C28",
                "left": 8959000,
                "top": 0,
                "right": 9959000,
                "bottom": -1000000
            },
            "geometry": {
                "type": "Polygon",
                "coordinates": [
                    [
                        [
                            8959000.0,
                            0.0
                        ],
                        [
                            9959000.0,
                            0.0
                        ],
                        [
                            9959000.0,
                            -1000000.0
                        ],
                        [
                            8959000.0,
                            -1000000.0
                        ],
                        [
                            8959000.0,
                            0.0
                        ]
                    ]
                ]
            }
        },
        {
            "type": "Feature",
            "properties": {
                "tile_id": "R10_C29",
                "left": 9959000,
                "top": 0,
                "right": 10959000,
                "bottom": -1000000
            },
            "geometry": {
                "type": "Polygon",
                "coordinates": [
                    [
                        [
                            9959000.0,
                            0.0
                        ],
                        [
                            10959000.0,
                            0.0
                        ],
                        [
                            10959000.0,
                            -1000000.0
                        ],
                        [
                            9959000.0,
                            -1000000.0
                        ],
                        [
                            9959000.0,
                            0.0
                        ]
                    ]
                ]
            }
        },
        {
            "type": "Feature",
            "properties": {
                "tile_id": "R10_C30",
                "left": 10959000,
                "top": 0,
                "right": 11959000,
                "bottom": -1000000
            },
            "geometry": {
                "type": "Polygon",
                "coordinates": [
                    [
                        [
                            10959000.0,
                            0.0
                        ],
                        [
                            11959000.0,
                            0.0
                        ],
                        [
                            11959000.0,
                            -1000000.0
                        ],
                        [
                            10959000.0,
                            -1000000.0
                        ],
                        [
                            10959000.0,
                            0.0
                        ]
                    ]
                ]
            }
        },
        {
            "type": "Feature",
            "properties": {
                "tile_id": "R10_C31",
                "left": 11959000,
                "top": 0,
                "right": 12959000,
                "bottom": -1000000
            },
            "geometry": {
                "type": "Polygon",
                "coordinates": [
                    [
                        [
                            11959000.0,
                            0.0
                        ],
                        [
                            12959000.0,
                            0.0
                        ],
                        [
                            12959000.0,
                            -1000000.0
                        ],
                        [
                            11959000.0,
                            -1000000.0
                        ],
                        [
                            11959000.0,
                            0.0
                        ]
                    ]
                ]
            }
        },
        {
            "type": "Feature",
            "properties": {
                "tile_id": "R10_C32",
                "left": 12959000,
                "top": 0,
                "right": 13959000,
                "bottom": -1000000
            },
            "geometry": {
                "type": "Polygon",
                "coordinates": [
                    [
                        [
                            12959000.0,
                            0.0
                        ],
                        [
                            13959000.0,
                            0.0
                        ],
                        [
                            13959000.0,
                            -1000000.0
                        ],
                        [
                            12959000.0,
                            -1000000.0
                        ],
                        [
                            12959000.0,
                            0.0
                        ]
                    ]
                ]
            }
        },
        {
            "type": "Feature",
            "properties": {
                "tile_id": "R10_C33",
                "left": 13959000,
                "top": 0,
                "right": 14959000,
                "bottom": -1000000
            },
            "geometry": {
                "type": "Polygon",
                "coordinates": [
                    [
                        [
                            13959000.0,
                            0.0
                        ],
                        [
                            14959000.0,
                            0.0
                        ],
                        [
                            14959000.0,
                            -1000000.0
                        ],
                        [
                            13959000.0,
                            -1000000.0
                        ],
                        [
                            13959000.0,
                            0.0
                        ]
                    ]
                ]
            }
        },
        {
            "type": "Feature",
            "properties": {
                "tile_id": "R10_C34",
                "left": 14959000,
                "top": 0,
                "right": 15959000,
                "bottom": -1000000
            },
            "geometry": {
                "type": "Polygon",
                "coordinates": [
                    [
                        [
                            14959000.0,
                            0.0
                        ],
                        [
                            15959000.0,
                            0.0
                        ],
                        [
                            15959000.0,
                            -1000000.0
                        ],
                        [
                            14959000.0,
                            -1000000.0
                        ],
                        [
                            14959000.0,
                            0.0
                        ]
                    ]
                ]
            }
        },
        {
            "type": "Feature",
            "properties": {
                "tile_id": "R10_C35",
                "left": 15959000,
                "top": 0,
                "right": 16959000,
                "bottom": -1000000
            },
            "geometry": {
                "type": "Polygon",
                "coordinates": [
                    [
                        [
                            15959000.0,
                            0.0
                        ],
                        [
                            16959000.0,
                            0.0
                        ],
                        [
                            16959000.0,
                            -1000000.0
                        ],
                        [
                            15959000.0,
                            -1000000.0
                        ],
                        [
                            15959000.0,
                            0.0
                        ]
                    ]
                ]
            }
        },
        {
            "type": "Feature",
            "properties": {
                "tile_id": "R10_C36",
                "left": 16959000,
                "top": 0,
                "right": 18041000,
                "bottom": -1000000
            },
            "geometry": {
                "type": "Polygon",
                "coordinates": [
                    [
                        [
                            16959000.0,
                            0.0
                        ],
                        [
                            18041000.0,
                            0.0
                        ],
                        [
                            18041000.0,
                            -1000000.0
                        ],
                        [
                            16959000.0,
                            -1000000.0
                        ],
                        [
                            16959000.0,
                            0.0
                        ]
                    ]
                ]
            }
        },
        {
            "type": "Feature",
            "properties": {
                "tile_id": "R10_C3",
                "left": -16041000,
                "top": 0,
                "right": -15041000,
                "bottom": -1000000
            },
            "geometry": {
                "type": "Polygon",
                "coordinates": [
                    [
                        [
                            -16041000.0,
                            0.0
                        ],
                        [
                            -15041000.0,
                            0.0
                        ],
                        [
                            -15041000.0,
                            -1000000.0
                        ],
                        [
                            -16041000.0,
                            -1000000.0
                        ],
                        [
                            -16041000.0,
                            0.0
                        ]
                    ]
                ]
            }
        },
        {
            "type": "Feature",
            "properties": {
                "tile_id": "R10_C5",
                "left": -14041000,
                "top": 0,
                "right": -13041000,
                "bottom": -1000000
            },
            "geometry": {
                "type": "Polygon",
                "coordinates": [
                    [
                        [
                            -14041000.0,
                            0.0
                        ],
                        [
                            -13041000.0,
                            0.0
                        ],
                        [
                            -13041000.0,
                            -1000000.0
                        ],
                        [
                            -14041000.0,
                            -1000000.0
                        ],
                        [
                            -14041000.0,
                            0.0
                        ]
                    ]
                ]
            }
        },
        {
            "type": "Feature",
            "properties": {
                "tile_id": "R10_C9",
                "left": -10041000,
                "top": 0,
                "right": -9041000,
                "bottom": -1000000
            },
            "geometry": {
                "type": "Polygon",
                "coordinates": [
                    [
                        [
                            -10041000.0,
                            0.0
                        ],
                        [
                            -9041000.0,
                            0.0
                        ],
                        [
                            -9041000.0,
                            -1000000.0
                        ],
                        [
                            -10041000.0,
                            -1000000.0
                        ],
                        [
                            -10041000.0,
                            0.0
                        ]
                    ]
                ]
            }
        },
        {
            "type": "Feature",
            "properties": {
                "tile_id": "R11_C11",
                "left": -8041000,
                "top": -1000000,
                "right": -7041000,
                "bottom": -2000000
            },
            "geometry": {
                "type": "Polygon",
                "coordinates": [
                    [
                        [
                            -8041000.0,
                            -1000000.0
                        ],
                        [
                            -7041000.0,
                            -1000000.0
                        ],
                        [
                            -7041000.0,
                            -2000000.0
                        ],
                        [
                            -8041000.0,
                            -2000000.0
                        ],
                        [
                            -8041000.0,
                            -1000000.0
                        ]
                    ]
                ]
            }
        },
        {
            "type": "Feature",
            "properties": {
                "tile_id": "R11_C12",
                "left": -7041000,
                "top": -1000000,
                "right": -6041000,
                "bottom": -2000000
            },
            "geometry": {
                "type": "Polygon",
                "coordinates": [
                    [
                        [
                            -7041000.0,
                            -1000000.0
                        ],
                        [
                            -6041000.0,
                            -1000000.0
                        ],
                        [
                            -6041000.0,
                            -2000000.0
                        ],
                        [
                            -7041000.0,
                            -2000000.0
                        ],
                        [
                            -7041000.0,
                            -1000000.0
                        ]
                    ]
                ]
            }
        },
        {
            "type": "Feature",
            "properties": {
                "tile_id": "R11_C13",
                "left": -6041000,
                "top": -1000000,
                "right": -5041000,
                "bottom": -2000000
            },
            "geometry": {
                "type": "Polygon",
                "coordinates": [
                    [
                        [
                            -6041000.0,
                            -1000000.0
                        ],
                        [
                            -5041000.0,
                            -1000000.0
                        ],
                        [
                            -5041000.0,
                            -2000000.0
                        ],
                        [
                            -6041000.0,
                            -2000000.0
                        ],
                        [
                            -6041000.0,
                            -1000000.0
                        ]
                    ]
                ]
            }
        },
        {
            "type": "Feature",
            "properties": {
                "tile_id": "R11_C14",
                "left": -5041000,
                "top": -1000000,
                "right": -4041000,
                "bottom": -2000000
            },
            "geometry": {
                "type": "Polygon",
                "coordinates": [
                    [
                        [
                            -5041000.0,
                            -1000000.0
                        ],
                        [
                            -4041000.0,
                            -1000000.0
                        ],
                        [
                            -4041000.0,
                            -2000000.0
                        ],
                        [
                            -5041000.0,
                            -2000000.0
                        ],
                        [
                            -5041000.0,
                            -1000000.0
                        ]
                    ]
                ]
            }
        },
        {
            "type": "Feature",
            "properties": {
                "tile_id": "R11_C15",
                "left": -4041000,
                "top": -1000000,
                "right": -3041000,
                "bottom": -2000000
            },
            "geometry": {
                "type": "Polygon",
                "coordinates": [
                    [
                        [
                            -4041000.0,
                            -1000000.0
                        ],
                        [
                            -3041000.0,
                            -1000000.0
                        ],
                        [
                            -3041000.0,
                            -2000000.0
                        ],
                        [
                            -4041000.0,
                            -2000000.0
                        ],
                        [
                            -4041000.0,
                            -1000000.0
                        ]
                    ]
                ]
            }
        },
        {
            "type": "Feature",
            "properties": {
                "tile_id": "R11_C18",
                "left": -1041000,
                "top": -1000000,
                "right": -41000,
                "bottom": -2000000
            },
            "geometry": {
                "type": "Polygon",
                "coordinates": [
                    [
                        [
                            -1041000.0,
                            -1000000.0
                        ],
                        [
                            -41000.0,
                            -1000000.0
                        ],
                        [
                            -41000.0,
                            -2000000.0
                        ],
                        [
                            -1041000.0,
                            -2000000.0
                        ],
                        [
                            -1041000.0,
                            -1000000.0
                        ]
                    ]
                ]
            }
        },
        {
            "type": "Feature",
            "properties": {
                "tile_id": "R11_C1",
                "left": -18041000,
                "top": -1000000,
                "right": -17041000,
                "bottom": -2000000
            },
            "geometry": {
                "type": "Polygon",
                "coordinates": [
                    [
                        [
                            -18041000.0,
                            -1000000.0
                        ],
                        [
                            -17041000.0,
                            -1000000.0
                        ],
                        [
                            -17041000.0,
                            -2000000.0
                        ],
                        [
                            -18041000.0,
                            -2000000.0
                        ],
                        [
                            -18041000.0,
                            -1000000.0
                        ]
                    ]
                ]
            }
        },
        {
            "type": "Feature",
            "properties": {
                "tile_id": "R11_C20",
                "left": 959000,
                "top": -1000000,
                "right": 1959000,
                "bottom": -2000000
            },
            "geometry": {
                "type": "Polygon",
                "coordinates": [
                    [
                        [
                            959000.0,
                            -1000000.0
                        ],
                        [
                            1959000.0,
                            -1000000.0
                        ],
                        [
                            1959000.0,
                            -2000000.0
                        ],
                        [
                            959000.0,
                            -2000000.0
                        ],
                        [
                            959000.0,
                            -1000000.0
                        ]
                    ]
                ]
            }
        },
        {
            "type": "Feature",
            "properties": {
                "tile_id": "R11_C21",
                "left": 1959000,
                "top": -1000000,
                "right": 2959000,
                "bottom": -2000000
            },
            "geometry": {
                "type": "Polygon",
                "coordinates": [
                    [
                        [
                            1959000.0,
                            -1000000.0
                        ],
                        [
                            2959000.0,
                            -1000000.0
                        ],
                        [
                            2959000.0,
                            -2000000.0
                        ],
                        [
                            1959000.0,
                            -2000000.0
                        ],
                        [
                            1959000.0,
                            -1000000.0
                        ]
                    ]
                ]
            }
        },
        {
            "type": "Feature",
            "properties": {
                "tile_id": "R11_C22",
                "left": 2959000,
                "top": -1000000,
                "right": 3959000,
                "bottom": -2000000
            },
            "geometry": {
                "type": "Polygon",
                "coordinates": [
                    [
                        [
                            2959000.0,
                            -1000000.0
                        ],
                        [
                            3959000.0,
                            -1000000.0
                        ],
                        [
                            3959000.0,
                            -2000000.0
                        ],
                        [
                            2959000.0,
                            -2000000.0
                        ],
                        [
                            2959000.0,
                            -1000000.0
                        ]
                    ]
                ]
            }
        },
        {
            "type": "Feature",
            "properties": {
                "tile_id": "R11_C23",
                "left": 3959000,
                "top": -1000000,
                "right": 4959000,
                "bottom": -2000000
            },
            "geometry": {
                "type": "Polygon",
                "coordinates": [
                    [
                        [
                            3959000.0,
                            -1000000.0
                        ],
                        [
                            4959000.0,
                            -1000000.0
                        ],
                        [
                            4959000.0,
                            -2000000.0
                        ],
                        [
                            3959000.0,
                            -2000000.0
                        ],
                        [
                            3959000.0,
                            -1000000.0
                        ]
                    ]
                ]
            }
        },
        {
            "type": "Feature",
            "properties": {
                "tile_id": "R11_C24",
                "left": 4959000,
                "top": -1000000,
                "right": 5959000,
                "bottom": -2000000
            },
            "geometry": {
                "type": "Polygon",
                "coordinates": [
                    [
                        [
                            4959000.0,
                            -1000000.0
                        ],
                        [
                            5959000.0,
                            -1000000.0
                        ],
                        [
                            5959000.0,
                            -2000000.0
                        ],
                        [
                            4959000.0,
                            -2000000.0
                        ],
                        [
                            4959000.0,
                            -1000000.0
                        ]
                    ]
                ]
            }
        },
        {
            "type": "Feature",
            "properties": {
                "tile_id": "R11_C28",
                "left": 8959000,
                "top": -1000000,
                "right": 9959000,
                "bottom": -2000000
            },
            "geometry": {
                "type": "Polygon",
                "coordinates": [
                    [
                        [
                            8959000.0,
                            -1000000.0
                        ],
                        [
                            9959000.0,
                            -1000000.0
                        ],
                        [
                            9959000.0,
                            -2000000.0
                        ],
                        [
                            8959000.0,
                            -2000000.0
                        ],
                        [
                            8959000.0,
                            -1000000.0
                        ]
                    ]
                ]
            }
        },
        {
            "type": "Feature",
            "properties": {
                "tile_id": "R11_C29",
                "left": 9959000,
                "top": -1000000,
                "right": 10959000,
                "bottom": -2000000
            },
            "geometry": {
                "type": "Polygon",
                "coordinates": [
                    [
                        [
                            9959000.0,
                            -1000000.0
                        ],
                        [
                            10959000.0,
                            -1000000.0
                        ],
                        [
                            10959000.0,
                            -2000000.0
                        ],
                        [
                            9959000.0,
                            -2000000.0
                        ],
                        [
                            9959000.0,
                            -1000000.0
                        ]
                    ]
                ]
            }
        },
        {
            "type": "Feature",
            "properties": {
                "tile_id": "R11_C2",
                "left": -17041000,
                "top": -1000000,
                "right": -16041000,
                "bottom": -2000000
            },
            "geometry": {
                "type": "Polygon",
                "coordinates": [
                    [
                        [
                            -17041000.0,
                            -1000000.0
                        ],
                        [
                            -16041000.0,
                            -1000000.0
                        ],
                        [
                            -16041000.0,
                            -2000000.0
                        ],
                        [
                            -17041000.0,
                            -2000000.0
                        ],
                        [
                            -17041000.0,
                            -1000000.0
                        ]
                    ]
                ]
            }
        },
        {
            "type": "Feature",
            "properties": {
                "tile_id": "R11_C30",
                "left": 10959000,
                "top": -1000000,
                "right": 11959000,
                "bottom": -2000000
            },
            "geometry": {
                "type": "Polygon",
                "coordinates": [
                    [
                        [
                            10959000.0,
                            -1000000.0
                        ],
                        [
                            11959000.0,
                            -1000000.0
                        ],
                        [
                            11959000.0,
                            -2000000.0
                        ],
                        [
                            10959000.0,
                            -2000000.0
                        ],
                        [
                            10959000.0,
                            -1000000.0
                        ]
                    ]
                ]
            }
        },
        {
            "type": "Feature",
            "properties": {
                "tile_id": "R11_C31",
                "left": 11959000,
                "top": -1000000,
                "right": 12959000,
                "bottom": -2000000
            },
            "geometry": {
                "type": "Polygon",
                "coordinates": [
                    [
                        [
                            11959000.0,
                            -1000000.0
                        ],
                        [
                            12959000.0,
                            -1000000.0
                        ],
                        [
                            12959000.0,
                            -2000000.0
                        ],
                        [
                            11959000.0,
                            -2000000.0
                        ],
                        [
                            11959000.0,
                            -1000000.0
                        ]
                    ]
                ]
            }
        },
        {
            "type": "Feature",
            "properties": {
                "tile_id": "R11_C32",
                "left": 12959000,
                "top": -1000000,
                "right": 13959000,
                "bottom": -2000000
            },
            "geometry": {
                "type": "Polygon",
                "coordinates": [
                    [
                        [
                            12959000.0,
                            -1000000.0
                        ],
                        [
                            13959000.0,
                            -1000000.0
                        ],
                        [
                            13959000.0,
                            -2000000.0
                        ],
                        [
                            12959000.0,
                            -2000000.0
                        ],
                        [
                            12959000.0,
                            -1000000.0
                        ]
                    ]
                ]
            }
        },
        {
            "type": "Feature",
            "properties": {
                "tile_id": "R11_C33",
                "left": 13959000,
                "top": -1000000,
                "right": 14959000,
                "bottom": -2000000
            },
            "geometry": {
                "type": "Polygon",
                "coordinates": [
                    [
                        [
                            13959000.0,
                            -1000000.0
                        ],
                        [
                            14959000.0,
                            -1000000.0
                        ],
                        [
                            14959000.0,
                            -2000000.0
                        ],
                        [
                            13959000.0,
                            -2000000.0
                        ],
                        [
                            13959000.0,
                            -1000000.0
                        ]
                    ]
                ]
            }
        },
        {
            "type": "Feature",
            "properties": {
                "tile_id": "R11_C34",
                "left": 14959000,
                "top": -1000000,
                "right": 15959000,
                "bottom": -2000000
            },
            "geometry": {
                "type": "Polygon",
                "coordinates": [
                    [
                        [
                            14959000.0,
                            -1000000.0
                        ],
                        [
                            15959000.0,
                            -1000000.0
                        ],
                        [
                            15959000.0,
                            -2000000.0
                        ],
                        [
                            14959000.0,
                            -2000000.0
                        ],
                        [
                            14959000.0,
                            -1000000.0
                        ]
                    ]
                ]
            }
        },
        {
            "type": "Feature",
            "properties": {
                "tile_id": "R11_C35",
                "left": 15959000,
                "top": -1000000,
                "right": 16959000,
                "bottom": -2000000
            },
            "geometry": {
                "type": "Polygon",
                "coordinates": [
                    [
                        [
                            15959000.0,
                            -1000000.0
                        ],
                        [
                            16959000.0,
                            -1000000.0
                        ],
                        [
                            16959000.0,
                            -2000000.0
                        ],
                        [
                            15959000.0,
                            -2000000.0
                        ],
                        [
                            15959000.0,
                            -1000000.0
                        ]
                    ]
                ]
            }
        },
        {
            "type": "Feature",
            "properties": {
                "tile_id": "R11_C36",
                "left": 16959000,
                "top": -1000000,
                "right": 18041000,
                "bottom": -2000000
            },
            "geometry": {
                "type": "Polygon",
                "coordinates": [
                    [
                        [
                            16959000.0,
                            -1000000.0
                        ],
                        [
                            18041000.0,
                            -1000000.0
                        ],
                        [
                            18041000.0,
                            -2000000.0
                        ],
                        [
                            16959000.0,
                            -2000000.0
                        ],
                        [
                            16959000.0,
                            -1000000.0
                        ]
                    ]
                ]
            }
        },
        {
            "type": "Feature",
            "properties": {
                "tile_id": "R11_C3",
                "left": -16041000,
                "top": -1000000,
                "right": -15041000,
                "bottom": -2000000
            },
            "geometry": {
                "type": "Polygon",
                "coordinates": [
                    [
                        [
                            -16041000.0,
                            -1000000.0
                        ],
                        [
                            -15041000.0,
                            -1000000.0
                        ],
                        [
                            -15041000.0,
                            -2000000.0
                        ],
                        [
                            -16041000.0,
                            -2000000.0
                        ],
                        [
                            -16041000.0,
                            -1000000.0
                        ]
                    ]
                ]
            }
        },
        {
            "type": "Feature",
            "properties": {
                "tile_id": "R11_C4",
                "left": -15041000,
                "top": -1000000,
                "right": -14041000,
                "bottom": -2000000
            },
            "geometry": {
                "type": "Polygon",
                "coordinates": [
                    [
                        [
                            -15041000.0,
                            -1000000.0
                        ],
                        [
                            -14041000.0,
                            -1000000.0
                        ],
                        [
                            -14041000.0,
                            -2000000.0
                        ],
                        [
                            -15041000.0,
                            -2000000.0
                        ],
                        [
                            -15041000.0,
                            -1000000.0
                        ]
                    ]
                ]
            }
        },
        {
            "type": "Feature",
            "properties": {
                "tile_id": "R11_C5",
                "left": -14041000,
                "top": -1000000,
                "right": -13041000,
                "bottom": -2000000
            },
            "geometry": {
                "type": "Polygon",
                "coordinates": [
                    [
                        [
                            -14041000.0,
                            -1000000.0
                        ],
                        [
                            -13041000.0,
                            -1000000.0
                        ],
                        [
                            -13041000.0,
                            -2000000.0
                        ],
                        [
                            -14041000.0,
                            -2000000.0
                        ],
                        [
                            -14041000.0,
                            -1000000.0
                        ]
                    ]
                ]
            }
        },
        {
            "type": "Feature",
            "properties": {
                "tile_id": "R12_C11",
                "left": -8041000,
                "top": -2000000,
                "right": -7041000,
                "bottom": -3000000
            },
            "geometry": {
                "type": "Polygon",
                "coordinates": [
                    [
                        [
                            -8041000.0,
                            -2000000.0
                        ],
                        [
                            -7041000.0,
                            -2000000.0
                        ],
                        [
                            -7041000.0,
                            -3000000.0
                        ],
                        [
                            -8041000.0,
                            -3000000.0
                        ],
                        [
                            -8041000.0,
                            -2000000.0
                        ]
                    ]
                ]
            }
        },
        {
            "type": "Feature",
            "properties": {
                "tile_id": "R12_C12",
                "left": -7041000,
                "top": -2000000,
                "right": -6041000,
                "bottom": -3000000
            },
            "geometry": {
                "type": "Polygon",
                "coordinates": [
                    [
                        [
                            -7041000.0,
                            -2000000.0
                        ],
                        [
                            -6041000.0,
                            -2000000.0
                        ],
                        [
                            -6041000.0,
                            -3000000.0
                        ],
                        [
                            -7041000.0,
                            -3000000.0
                        ],
                        [
                            -7041000.0,
                            -2000000.0
                        ]
                    ]
                ]
            }
        },
        {
            "type": "Feature",
            "properties": {
                "tile_id": "R12_C13",
                "left": -6041000,
                "top": -2000000,
                "right": -5041000,
                "bottom": -3000000
            },
            "geometry": {
                "type": "Polygon",
                "coordinates": [
                    [
                        [
                            -6041000.0,
                            -2000000.0
                        ],
                        [
                            -5041000.0,
                            -2000000.0
                        ],
                        [
                            -5041000.0,
                            -3000000.0
                        ],
                        [
                            -6041000.0,
                            -3000000.0
                        ],
                        [
                            -6041000.0,
                            -2000000.0
                        ]
                    ]
                ]
            }
        },
        {
            "type": "Feature",
            "properties": {
                "tile_id": "R12_C14",
                "left": -5041000,
                "top": -2000000,
                "right": -4041000,
                "bottom": -3000000
            },
            "geometry": {
                "type": "Polygon",
                "coordinates": [
                    [
                        [
                            -5041000.0,
                            -2000000.0
                        ],
                        [
                            -4041000.0,
                            -2000000.0
                        ],
                        [
                            -4041000.0,
                            -3000000.0
                        ],
                        [
                            -5041000.0,
                            -3000000.0
                        ],
                        [
                            -5041000.0,
                            -2000000.0
                        ]
                    ]
                ]
            }
        },
        {
            "type": "Feature",
            "properties": {
                "tile_id": "R12_C15",
                "left": -4041000,
                "top": -2000000,
                "right": -3041000,
                "bottom": -3000000
            },
            "geometry": {
                "type": "Polygon",
                "coordinates": [
                    [
                        [
                            -4041000.0,
                            -2000000.0
                        ],
                        [
                            -3041000.0,
                            -2000000.0
                        ],
                        [
                            -3041000.0,
                            -3000000.0
                        ],
                        [
                            -4041000.0,
                            -3000000.0
                        ],
                        [
                            -4041000.0,
                            -2000000.0
                        ]
                    ]
                ]
            }
        },
        {
            "type": "Feature",
            "properties": {
                "tile_id": "R12_C16",
                "left": -3041000,
                "top": -2000000,
                "right": -2041000,
                "bottom": -3000000
            },
            "geometry": {
                "type": "Polygon",
                "coordinates": [
                    [
                        [
                            -3041000.0,
                            -2000000.0
                        ],
                        [
                            -2041000.0,
                            -2000000.0
                        ],
                        [
                            -2041000.0,
                            -3000000.0
                        ],
                        [
                            -3041000.0,
                            -3000000.0
                        ],
                        [
                            -3041000.0,
                            -2000000.0
                        ]
                    ]
                ]
            }
        },
        {
            "type": "Feature",
            "properties": {
                "tile_id": "R12_C1",
                "left": -18041000,
                "top": -2000000,
                "right": -17041000,
                "bottom": -3000000
            },
            "geometry": {
                "type": "Polygon",
                "coordinates": [
                    [
                        [
                            -18041000.0,
                            -2000000.0
                        ],
                        [
                            -17041000.0,
                            -2000000.0
                        ],
                        [
                            -17041000.0,
                            -3000000.0
                        ],
                        [
                            -18041000.0,
                            -3000000.0
                        ],
                        [
                            -18041000.0,
                            -2000000.0
                        ]
                    ]
                ]
            }
        },
        {
            "type": "Feature",
            "properties": {
                "tile_id": "R12_C20",
                "left": 959000,
                "top": -2000000,
                "right": 1959000,
                "bottom": -3000000
            },
            "geometry": {
                "type": "Polygon",
                "coordinates": [
                    [
                        [
                            959000.0,
                            -2000000.0
                        ],
                        [
                            1959000.0,
                            -2000000.0
                        ],
                        [
                            1959000.0,
                            -3000000.0
                        ],
                        [
                            959000.0,
                            -3000000.0
                        ],
                        [
                            959000.0,
                            -2000000.0
                        ]
                    ]
                ]
            }
        },
        {
            "type": "Feature",
            "properties": {
                "tile_id": "R12_C21",
                "left": 1959000,
                "top": -2000000,
                "right": 2959000,
                "bottom": -3000000
            },
            "geometry": {
                "type": "Polygon",
                "coordinates": [
                    [
                        [
                            1959000.0,
                            -2000000.0
                        ],
                        [
                            2959000.0,
                            -2000000.0
                        ],
                        [
                            2959000.0,
                            -3000000.0
                        ],
                        [
                            1959000.0,
                            -3000000.0
                        ],
                        [
                            1959000.0,
                            -2000000.0
                        ]
                    ]
                ]
            }
        },
        {
            "type": "Feature",
            "properties": {
                "tile_id": "R12_C22",
                "left": 2959000,
                "top": -2000000,
                "right": 3959000,
                "bottom": -3000000
            },
            "geometry": {
                "type": "Polygon",
                "coordinates": [
                    [
                        [
                            2959000.0,
                            -2000000.0
                        ],
                        [
                            3959000.0,
                            -2000000.0
                        ],
                        [
                            3959000.0,
                            -3000000.0
                        ],
                        [
                            2959000.0,
                            -3000000.0
                        ],
                        [
                            2959000.0,
                            -2000000.0
                        ]
                    ]
                ]
            }
        },
        {
            "type": "Feature",
            "properties": {
                "tile_id": "R12_C23",
                "left": 3959000,
                "top": -2000000,
                "right": 4959000,
                "bottom": -3000000
            },
            "geometry": {
                "type": "Polygon",
                "coordinates": [
                    [
                        [
                            3959000.0,
                            -2000000.0
                        ],
                        [
                            4959000.0,
                            -2000000.0
                        ],
                        [
                            4959000.0,
                            -3000000.0
                        ],
                        [
                            3959000.0,
                            -3000000.0
                        ],
                        [
                            3959000.0,
                            -2000000.0
                        ]
                    ]
                ]
            }
        },
        {
            "type": "Feature",
            "properties": {
                "tile_id": "R12_C24",
                "left": 4959000,
                "top": -2000000,
                "right": 5959000,
                "bottom": -3000000
            },
            "geometry": {
                "type": "Polygon",
                "coordinates": [
                    [
                        [
                            4959000.0,
                            -2000000.0
                        ],
                        [
                            5959000.0,
                            -2000000.0
                        ],
                        [
                            5959000.0,
                            -3000000.0
                        ],
                        [
                            4959000.0,
                            -3000000.0
                        ],
                        [
                            4959000.0,
                            -2000000.0
                        ]
                    ]
                ]
            }
        },
        {
            "type": "Feature",
            "properties": {
                "tile_id": "R12_C25",
                "left": 5959000,
                "top": -2000000,
                "right": 6959000,
                "bottom": -3000000
            },
            "geometry": {
                "type": "Polygon",
                "coordinates": [
                    [
                        [
                            5959000.0,
                            -2000000.0
                        ],
                        [
                            6959000.0,
                            -2000000.0
                        ],
                        [
                            6959000.0,
                            -3000000.0
                        ],
                        [
                            5959000.0,
                            -3000000.0
                        ],
                        [
                            5959000.0,
                            -2000000.0
                        ]
                    ]
                ]
            }
        },
        {
            "type": "Feature",
            "properties": {
                "tile_id": "R12_C29",
                "left": 9959000,
                "top": -2000000,
                "right": 10959000,
                "bottom": -3000000
            },
            "geometry": {
                "type": "Polygon",
                "coordinates": [
                    [
                        [
                            9959000.0,
                            -2000000.0
                        ],
                        [
                            10959000.0,
                            -2000000.0
                        ],
                        [
                            10959000.0,
                            -3000000.0
                        ],
                        [
                            9959000.0,
                            -3000000.0
                        ],
                        [
                            9959000.0,
                            -2000000.0
                        ]
                    ]
                ]
            }
        },
        {
            "type": "Feature",
            "properties": {
                "tile_id": "R12_C2",
                "left": -17041000,
                "top": -2000000,
                "right": -16041000,
                "bottom": -3000000
            },
            "geometry": {
                "type": "Polygon",
                "coordinates": [
                    [
                        [
                            -17041000.0,
                            -2000000.0
                        ],
                        [
                            -16041000.0,
                            -2000000.0
                        ],
                        [
                            -16041000.0,
                            -3000000.0
                        ],
                        [
                            -17041000.0,
                            -3000000.0
                        ],
                        [
                            -17041000.0,
                            -2000000.0
                        ]
                    ]
                ]
            }
        },
        {
            "type": "Feature",
            "properties": {
                "tile_id": "R12_C30",
                "left": 10959000,
                "top": -2000000,
                "right": 11959000,
                "bottom": -3000000
            },
            "geometry": {
                "type": "Polygon",
                "coordinates": [
                    [
                        [
                            10959000.0,
                            -2000000.0
                        ],
                        [
                            11959000.0,
                            -2000000.0
                        ],
                        [
                            11959000.0,
                            -3000000.0
                        ],
                        [
                            10959000.0,
                            -3000000.0
                        ],
                        [
                            10959000.0,
                            -2000000.0
                        ]
                    ]
                ]
            }
        },
        {
            "type": "Feature",
            "properties": {
                "tile_id": "R12_C31",
                "left": 11959000,
                "top": -2000000,
                "right": 12959000,
                "bottom": -3000000
            },
            "geometry": {
                "type": "Polygon",
                "coordinates": [
                    [
                        [
                            11959000.0,
                            -2000000.0
                        ],
                        [
                            12959000.0,
                            -2000000.0
                        ],
                        [
                            12959000.0,
                            -3000000.0
                        ],
                        [
                            11959000.0,
                            -3000000.0
                        ],
                        [
                            11959000.0,
                            -2000000.0
                        ]
                    ]
                ]
            }
        },
        {
            "type": "Feature",
            "properties": {
                "tile_id": "R12_C32",
                "left": 12959000,
                "top": -2000000,
                "right": 13959000,
                "bottom": -3000000
            },
            "geometry": {
                "type": "Polygon",
                "coordinates": [
                    [
                        [
                            12959000.0,
                            -2000000.0
                        ],
                        [
                            13959000.0,
                            -2000000.0
                        ],
                        [
                            13959000.0,
                            -3000000.0
                        ],
                        [
                            12959000.0,
                            -3000000.0
                        ],
                        [
                            12959000.0,
                            -2000000.0
                        ]
                    ]
                ]
            }
        },
        {
            "type": "Feature",
            "properties": {
                "tile_id": "R12_C33",
                "left": 13959000,
                "top": -2000000,
                "right": 14959000,
                "bottom": -3000000
            },
            "geometry": {
                "type": "Polygon",
                "coordinates": [
                    [
                        [
                            13959000.0,
                            -2000000.0
                        ],
                        [
                            14959000.0,
                            -2000000.0
                        ],
                        [
                            14959000.0,
                            -3000000.0
                        ],
                        [
                            13959000.0,
                            -3000000.0
                        ],
                        [
                            13959000.0,
                            -2000000.0
                        ]
                    ]
                ]
            }
        },
        {
            "type": "Feature",
            "properties": {
                "tile_id": "R12_C34",
                "left": 14959000,
                "top": -2000000,
                "right": 15959000,
                "bottom": -3000000
            },
            "geometry": {
                "type": "Polygon",
                "coordinates": [
                    [
                        [
                            14959000.0,
                            -2000000.0
                        ],
                        [
                            15959000.0,
                            -2000000.0
                        ],
                        [
                            15959000.0,
                            -3000000.0
                        ],
                        [
                            14959000.0,
                            -3000000.0
                        ],
                        [
                            14959000.0,
                            -2000000.0
                        ]
                    ]
                ]
            }
        },
        {
            "type": "Feature",
            "properties": {
                "tile_id": "R12_C35",
                "left": 15959000,
                "top": -2000000,
                "right": 16959000,
                "bottom": -3000000
            },
            "geometry": {
                "type": "Polygon",
                "coordinates": [
                    [
                        [
                            15959000.0,
                            -2000000.0
                        ],
                        [
                            16959000.0,
                            -2000000.0
                        ],
                        [
                            16959000.0,
                            -3000000.0
                        ],
                        [
                            15959000.0,
                            -3000000.0
                        ],
                        [
                            15959000.0,
                            -2000000.0
                        ]
                    ]
                ]
            }
        },
        {
            "type": "Feature",
            "properties": {
                "tile_id": "R12_C36",
                "left": 16959000,
                "top": -2000000,
                "right": 18041000,
                "bottom": -3000000
            },
            "geometry": {
                "type": "Polygon",
                "coordinates": [
                    [
                        [
                            16959000.0,
                            -2000000.0
                        ],
                        [
                            18041000.0,
                            -2000000.0
                        ],
                        [
                            18041000.0,
                            -3000000.0
                        ],
                        [
                            16959000.0,
                            -3000000.0
                        ],
                        [
                            16959000.0,
                            -2000000.0
                        ]
                    ]
                ]
            }
        },
        {
            "type": "Feature",
            "properties": {
                "tile_id": "R12_C3",
                "left": -16041000,
                "top": -2000000,
                "right": -15041000,
                "bottom": -3000000
            },
            "geometry": {
                "type": "Polygon",
                "coordinates": [
                    [
                        [
                            -16041000.0,
                            -2000000.0
                        ],
                        [
                            -15041000.0,
                            -2000000.0
                        ],
                        [
                            -15041000.0,
                            -3000000.0
                        ],
                        [
                            -16041000.0,
                            -3000000.0
                        ],
                        [
                            -16041000.0,
                            -2000000.0
                        ]
                    ]
                ]
            }
        },
        {
            "type": "Feature",
            "properties": {
                "tile_id": "R12_C4",
                "left": -15041000,
                "top": -2000000,
                "right": -14041000,
                "bottom": -3000000
            },
            "geometry": {
                "type": "Polygon",
                "coordinates": [
                    [
                        [
                            -15041000.0,
                            -2000000.0
                        ],
                        [
                            -14041000.0,
                            -2000000.0
                        ],
                        [
                            -14041000.0,
                            -3000000.0
                        ],
                        [
                            -15041000.0,
                            -3000000.0
                        ],
                        [
                            -15041000.0,
                            -2000000.0
                        ]
                    ]
                ]
            }
        },
        {
            "type": "Feature",
            "properties": {
                "tile_id": "R12_C5",
                "left": -14041000,
                "top": -2000000,
                "right": -13041000,
                "bottom": -3000000
            },
            "geometry": {
                "type": "Polygon",
                "coordinates": [
                    [
                        [
                            -14041000.0,
                            -2000000.0
                        ],
                        [
                            -13041000.0,
                            -2000000.0
                        ],
                        [
                            -13041000.0,
                            -3000000.0
                        ],
                        [
                            -14041000.0,
                            -3000000.0
                        ],
                        [
                            -14041000.0,
                            -2000000.0
                        ]
                    ]
                ]
            }
        },
        {
            "type": "Feature",
            "properties": {
                "tile_id": "R12_C6",
                "left": -13041000,
                "top": -2000000,
                "right": -12041000,
                "bottom": -3000000
            },
            "geometry": {
                "type": "Polygon",
                "coordinates": [
                    [
                        [
                            -13041000.0,
                            -2000000.0
                        ],
                        [
                            -12041000.0,
                            -2000000.0
                        ],
                        [
                            -12041000.0,
                            -3000000.0
                        ],
                        [
                            -13041000.0,
                            -3000000.0
                        ],
                        [
                            -13041000.0,
                            -2000000.0
                        ]
                    ]
                ]
            }
        },
        {
            "type": "Feature",
            "properties": {
                "tile_id": "R13_C11",
                "left": -8041000,
                "top": -3000000,
                "right": -7041000,
                "bottom": -4000000
            },
            "geometry": {
                "type": "Polygon",
                "coordinates": [
                    [
                        [
                            -8041000.0,
                            -3000000.0
                        ],
                        [
                            -7041000.0,
                            -3000000.0
                        ],
                        [
                            -7041000.0,
                            -4000000.0
                        ],
                        [
                            -8041000.0,
                            -4000000.0
                        ],
                        [
                            -8041000.0,
                            -3000000.0
                        ]
                    ]
                ]
            }
        },
        {
            "type": "Feature",
            "properties": {
                "tile_id": "R13_C12",
                "left": -7041000,
                "top": -3000000,
                "right": -6041000,
                "bottom": -4000000
            },
            "geometry": {
                "type": "Polygon",
                "coordinates": [
                    [
                        [
                            -7041000.0,
                            -3000000.0
                        ],
                        [
                            -6041000.0,
                            -3000000.0
                        ],
                        [
                            -6041000.0,
                            -4000000.0
                        ],
                        [
                            -7041000.0,
                            -4000000.0
                        ],
                        [
                            -7041000.0,
                            -3000000.0
                        ]
                    ]
                ]
            }
        },
        {
            "type": "Feature",
            "properties": {
                "tile_id": "R13_C13",
                "left": -6041000,
                "top": -3000000,
                "right": -5041000,
                "bottom": -4000000
            },
            "geometry": {
                "type": "Polygon",
                "coordinates": [
                    [
                        [
                            -6041000.0,
                            -3000000.0
                        ],
                        [
                            -5041000.0,
                            -3000000.0
                        ],
                        [
                            -5041000.0,
                            -4000000.0
                        ],
                        [
                            -6041000.0,
                            -4000000.0
                        ],
                        [
                            -6041000.0,
                            -3000000.0
                        ]
                    ]
                ]
            }
        },
        {
            "type": "Feature",
            "properties": {
                "tile_id": "R13_C14",
                "left": -5041000,
                "top": -3000000,
                "right": -4041000,
                "bottom": -4000000
            },
            "geometry": {
                "type": "Polygon",
                "coordinates": [
                    [
                        [
                            -5041000.0,
                            -3000000.0
                        ],
                        [
                            -4041000.0,
                            -3000000.0
                        ],
                        [
                            -4041000.0,
                            -4000000.0
                        ],
                        [
                            -5041000.0,
                            -4000000.0
                        ],
                        [
                            -5041000.0,
                            -3000000.0
                        ]
                    ]
                ]
            }
        },
        {
            "type": "Feature",
            "properties": {
                "tile_id": "R13_C20",
                "left": 959000,
                "top": -3000000,
                "right": 1959000,
                "bottom": -4000000
            },
            "geometry": {
                "type": "Polygon",
                "coordinates": [
                    [
                        [
                            959000.0,
                            -3000000.0
                        ],
                        [
                            1959000.0,
                            -3000000.0
                        ],
                        [
                            1959000.0,
                            -4000000.0
                        ],
                        [
                            959000.0,
                            -4000000.0
                        ],
                        [
                            959000.0,
                            -3000000.0
                        ]
                    ]
                ]
            }
        },
        {
            "type": "Feature",
            "properties": {
                "tile_id": "R13_C21",
                "left": 1959000,
                "top": -3000000,
                "right": 2959000,
                "bottom": -4000000
            },
            "geometry": {
                "type": "Polygon",
                "coordinates": [
                    [
                        [
                            1959000.0,
                            -3000000.0
                        ],
                        [
                            2959000.0,
                            -3000000.0
                        ],
                        [
                            2959000.0,
                            -4000000.0
                        ],
                        [
                            1959000.0,
                            -4000000.0
                        ],
                        [
                            1959000.0,
                            -3000000.0
                        ]
                    ]
                ]
            }
        },
        {
            "type": "Feature",
            "properties": {
                "tile_id": "R13_C22",
                "left": 2959000,
                "top": -3000000,
                "right": 3959000,
                "bottom": -4000000
            },
            "geometry": {
                "type": "Polygon",
                "coordinates": [
                    [
                        [
                            2959000.0,
                            -3000000.0
                        ],
                        [
                            3959000.0,
                            -3000000.0
                        ],
                        [
                            3959000.0,
                            -4000000.0
                        ],
                        [
                            2959000.0,
                            -4000000.0
                        ],
                        [
                            2959000.0,
                            -3000000.0
                        ]
                    ]
                ]
            }
        },
        {
            "type": "Feature",
            "properties": {
                "tile_id": "R13_C23",
                "left": 3959000,
                "top": -3000000,
                "right": 4959000,
                "bottom": -4000000
            },
            "geometry": {
                "type": "Polygon",
                "coordinates": [
                    [
                        [
                            3959000.0,
                            -3000000.0
                        ],
                        [
                            4959000.0,
                            -3000000.0
                        ],
                        [
                            4959000.0,
                            -4000000.0
                        ],
                        [
                            3959000.0,
                            -4000000.0
                        ],
                        [
                            3959000.0,
                            -3000000.0
                        ]
                    ]
                ]
            }
        },
        {
            "type": "Feature",
            "properties": {
                "tile_id": "R13_C29",
                "left": 9959000,
                "top": -3000000,
                "right": 10959000,
                "bottom": -4000000
            },
            "geometry": {
                "type": "Polygon",
                "coordinates": [
                    [
                        [
                            9959000.0,
                            -3000000.0
                        ],
                        [
                            10959000.0,
                            -3000000.0
                        ],
                        [
                            10959000.0,
                            -4000000.0
                        ],
                        [
                            9959000.0,
                            -4000000.0
                        ],
                        [
                            9959000.0,
                            -3000000.0
                        ]
                    ]
                ]
            }
        },
        {
            "type": "Feature",
            "properties": {
                "tile_id": "R13_C2",
                "left": -17041000,
                "top": -3000000,
                "right": -16041000,
                "bottom": -4000000
            },
            "geometry": {
                "type": "Polygon",
                "coordinates": [
                    [
                        [
                            -17041000.0,
                            -3000000.0
                        ],
                        [
                            -16041000.0,
                            -3000000.0
                        ],
                        [
                            -16041000.0,
                            -4000000.0
                        ],
                        [
                            -17041000.0,
                            -4000000.0
                        ],
                        [
                            -17041000.0,
                            -3000000.0
                        ]
                    ]
                ]
            }
        },
        {
            "type": "Feature",
            "properties": {
                "tile_id": "R13_C30",
                "left": 10959000,
                "top": -3000000,
                "right": 11959000,
                "bottom": -4000000
            },
            "geometry": {
                "type": "Polygon",
                "coordinates": [
                    [
                        [
                            10959000.0,
                            -3000000.0
                        ],
                        [
                            11959000.0,
                            -3000000.0
                        ],
                        [
                            11959000.0,
                            -4000000.0
                        ],
                        [
                            10959000.0,
                            -4000000.0
                        ],
                        [
                            10959000.0,
                            -3000000.0
                        ]
                    ]
                ]
            }
        },
        {
            "type": "Feature",
            "properties": {
                "tile_id": "R13_C31",
                "left": 11959000,
                "top": -3000000,
                "right": 12959000,
                "bottom": -4000000
            },
            "geometry": {
                "type": "Polygon",
                "coordinates": [
                    [
                        [
                            11959000.0,
                            -3000000.0
                        ],
                        [
                            12959000.0,
                            -3000000.0
                        ],
                        [
                            12959000.0,
                            -4000000.0
                        ],
                        [
                            11959000.0,
                            -4000000.0
                        ],
                        [
                            11959000.0,
                            -3000000.0
                        ]
                    ]
                ]
            }
        },
        {
            "type": "Feature",
            "properties": {
                "tile_id": "R13_C32",
                "left": 12959000,
                "top": -3000000,
                "right": 13959000,
                "bottom": -4000000
            },
            "geometry": {
                "type": "Polygon",
                "coordinates": [
                    [
                        [
                            12959000.0,
                            -3000000.0
                        ],
                        [
                            13959000.0,
                            -3000000.0
                        ],
                        [
                            13959000.0,
                            -4000000.0
                        ],
                        [
                            12959000.0,
                            -4000000.0
                        ],
                        [
                            12959000.0,
                            -3000000.0
                        ]
                    ]
                ]
            }
        },
        {
            "type": "Feature",
            "properties": {
                "tile_id": "R13_C33",
                "left": 13959000,
                "top": -3000000,
                "right": 14959000,
                "bottom": -4000000
            },
            "geometry": {
                "type": "Polygon",
                "coordinates": [
                    [
                        [
                            13959000.0,
                            -3000000.0
                        ],
                        [
                            14959000.0,
                            -3000000.0
                        ],
                        [
                            14959000.0,
                            -4000000.0
                        ],
                        [
                            13959000.0,
                            -4000000.0
                        ],
                        [
                            13959000.0,
                            -3000000.0
                        ]
                    ]
                ]
            }
        },
        {
            "type": "Feature",
            "properties": {
                "tile_id": "R13_C34",
                "left": 14959000,
                "top": -3000000,
                "right": 15959000,
                "bottom": -4000000
            },
            "geometry": {
                "type": "Polygon",
                "coordinates": [
                    [
                        [
                            14959000.0,
                            -3000000.0
                        ],
                        [
                            15959000.0,
                            -3000000.0
                        ],
                        [
                            15959000.0,
                            -4000000.0
                        ],
                        [
                            14959000.0,
                            -4000000.0
                        ],
                        [
                            14959000.0,
                            -3000000.0
                        ]
                    ]
                ]
            }
        },
        {
            "type": "Feature",
            "properties": {
                "tile_id": "R13_C5",
                "left": -14041000,
                "top": -3000000,
                "right": -13041000,
                "bottom": -4000000
            },
            "geometry": {
                "type": "Polygon",
                "coordinates": [
                    [
                        [
                            -14041000.0,
                            -3000000.0
                        ],
                        [
                            -13041000.0,
                            -3000000.0
                        ],
                        [
                            -13041000.0,
                            -4000000.0
                        ],
                        [
                            -14041000.0,
                            -4000000.0
                        ],
                        [
                            -14041000.0,
                            -3000000.0
                        ]
                    ]
                ]
            }
        },
        {
            "type": "Feature",
            "properties": {
                "tile_id": "R13_C6",
                "left": -13041000,
                "top": -3000000,
                "right": -12041000,
                "bottom": -4000000
            },
            "geometry": {
                "type": "Polygon",
                "coordinates": [
                    [
                        [
                            -13041000.0,
                            -3000000.0
                        ],
                        [
                            -12041000.0,
                            -3000000.0
                        ],
                        [
                            -12041000.0,
                            -4000000.0
                        ],
                        [
                            -13041000.0,
                            -4000000.0
                        ],
                        [
                            -13041000.0,
                            -3000000.0
                        ]
                    ]
                ]
            }
        },
        {
            "type": "Feature",
            "properties": {
                "tile_id": "R13_C7",
                "left": -12041000,
                "top": -3000000,
                "right": -11041000,
                "bottom": -4000000
            },
            "geometry": {
                "type": "Polygon",
                "coordinates": [
                    [
                        [
                            -12041000.0,
                            -3000000.0
                        ],
                        [
                            -11041000.0,
                            -3000000.0
                        ],
                        [
                            -11041000.0,
                            -4000000.0
                        ],
                        [
                            -12041000.0,
                            -4000000.0
                        ],
                        [
                            -12041000.0,
                            -3000000.0
                        ]
                    ]
                ]
            }
        },
        {
            "type": "Feature",
            "properties": {
                "tile_id": "R13_C8",
                "left": -11041000,
                "top": -3000000,
                "right": -10041000,
                "bottom": -4000000
            },
            "geometry": {
                "type": "Polygon",
                "coordinates": [
                    [
                        [
                            -11041000.0,
                            -3000000.0
                        ],
                        [
                            -10041000.0,
                            -3000000.0
                        ],
                        [
                            -10041000.0,
                            -4000000.0
                        ],
                        [
                            -11041000.0,
                            -4000000.0
                        ],
                        [
                            -11041000.0,
                            -3000000.0
                        ]
                    ]
                ]
            }
        },
        {
            "type": "Feature",
            "properties": {
                "tile_id": "R13_C9",
                "left": -10041000,
                "top": -3000000,
                "right": -9041000,
                "bottom": -4000000
            },
            "geometry": {
                "type": "Polygon",
                "coordinates": [
                    [
                        [
                            -10041000.0,
                            -3000000.0
                        ],
                        [
                            -9041000.0,
                            -3000000.0
                        ],
                        [
                            -9041000.0,
                            -4000000.0
                        ],
                        [
                            -10041000.0,
                            -4000000.0
                        ],
                        [
                            -10041000.0,
                            -3000000.0
                        ]
                    ]
                ]
            }
        },
        {
            "type": "Feature",
            "properties": {
                "tile_id": "R14_C11",
                "left": -8041000,
                "top": -4000000,
                "right": -7041000,
                "bottom": -5000000
            },
            "geometry": {
                "type": "Polygon",
                "coordinates": [
                    [
                        [
                            -8041000.0,
                            -4000000.0
                        ],
                        [
                            -7041000.0,
                            -4000000.0
                        ],
                        [
                            -7041000.0,
                            -5000000.0
                        ],
                        [
                            -8041000.0,
                            -5000000.0
                        ],
                        [
                            -8041000.0,
                            -4000000.0
                        ]
                    ]
                ]
            }
        },
        {
            "type": "Feature",
            "properties": {
                "tile_id": "R14_C12",
                "left": -7041000,
                "top": -4000000,
                "right": -6041000,
                "bottom": -5000000
            },
            "geometry": {
                "type": "Polygon",
                "coordinates": [
                    [
                        [
                            -7041000.0,
                            -4000000.0
                        ],
                        [
                            -6041000.0,
                            -4000000.0
                        ],
                        [
                            -6041000.0,
                            -5000000.0
                        ],
                        [
                            -7041000.0,
                            -5000000.0
                        ],
                        [
                            -7041000.0,
                            -4000000.0
                        ]
                    ]
                ]
            }
        },
        {
            "type": "Feature",
            "properties": {
                "tile_id": "R14_C13",
                "left": -6041000,
                "top": -4000000,
                "right": -5041000,
                "bottom": -5000000
            },
            "geometry": {
                "type": "Polygon",
                "coordinates": [
                    [
                        [
                            -6041000.0,
                            -4000000.0
                        ],
                        [
                            -5041000.0,
                            -4000000.0
                        ],
                        [
                            -5041000.0,
                            -5000000.0
                        ],
                        [
                            -6041000.0,
                            -5000000.0
                        ],
                        [
                            -6041000.0,
                            -4000000.0
                        ]
                    ]
                ]
            }
        },
        {
            "type": "Feature",
            "properties": {
                "tile_id": "R14_C14",
                "left": -5041000,
                "top": -4000000,
                "right": -4041000,
                "bottom": -5000000
            },
            "geometry": {
                "type": "Polygon",
                "coordinates": [
                    [
                        [
                            -5041000.0,
                            -4000000.0
                        ],
                        [
                            -4041000.0,
                            -4000000.0
                        ],
                        [
                            -4041000.0,
                            -5000000.0
                        ],
                        [
                            -5041000.0,
                            -5000000.0
                        ],
                        [
                            -5041000.0,
                            -4000000.0
                        ]
                    ]
                ]
            }
        },
        {
            "type": "Feature",
            "properties": {
                "tile_id": "R14_C17",
                "left": -2041000,
                "top": -4000000,
                "right": -1041000,
                "bottom": -5000000
            },
            "geometry": {
                "type": "Polygon",
                "coordinates": [
                    [
                        [
                            -2041000.0,
                            -4000000.0
                        ],
                        [
                            -1041000.0,
                            -4000000.0
                        ],
                        [
                            -1041000.0,
                            -5000000.0
                        ],
                        [
                            -2041000.0,
                            -5000000.0
                        ],
                        [
                            -2041000.0,
                            -4000000.0
                        ]
                    ]
                ]
            }
        },
        {
            "type": "Feature",
            "properties": {
                "tile_id": "R14_C18",
                "left": -1041000,
                "top": -4000000,
                "right": -41000,
                "bottom": -5000000
            },
            "geometry": {
                "type": "Polygon",
                "coordinates": [
                    [
                        [
                            -1041000.0,
                            -4000000.0
                        ],
                        [
                            -41000.0,
                            -4000000.0
                        ],
                        [
                            -41000.0,
                            -5000000.0
                        ],
                        [
                            -1041000.0,
                            -5000000.0
                        ],
                        [
                            -1041000.0,
                            -4000000.0
                        ]
                    ]
                ]
            }
        },
        {
            "type": "Feature",
            "properties": {
                "tile_id": "R14_C20",
                "left": 959000,
                "top": -4000000,
                "right": 1959000,
                "bottom": -5000000
            },
            "geometry": {
                "type": "Polygon",
                "coordinates": [
                    [
                        [
                            959000.0,
                            -4000000.0
                        ],
                        [
                            1959000.0,
                            -4000000.0
                        ],
                        [
                            1959000.0,
                            -5000000.0
                        ],
                        [
                            959000.0,
                            -5000000.0
                        ],
                        [
                            959000.0,
                            -4000000.0
                        ]
                    ]
                ]
            }
        },
        {
            "type": "Feature",
            "properties": {
                "tile_id": "R14_C21",
                "left": 1959000,
                "top": -4000000,
                "right": 2959000,
                "bottom": -5000000
            },
            "geometry": {
                "type": "Polygon",
                "coordinates": [
                    [
                        [
                            1959000.0,
                            -4000000.0
                        ],
                        [
                            2959000.0,
                            -4000000.0
                        ],
                        [
                            2959000.0,
                            -5000000.0
                        ],
                        [
                            1959000.0,
                            -5000000.0
                        ],
                        [
                            1959000.0,
                            -4000000.0
                        ]
                    ]
                ]
            }
        },
        {
            "type": "Feature",
            "properties": {
                "tile_id": "R14_C25",
                "left": 5959000,
                "top": -4000000,
                "right": 6959000,
                "bottom": -5000000
            },
            "geometry": {
                "type": "Polygon",
                "coordinates": [
                    [
                        [
                            5959000.0,
                            -4000000.0
                        ],
                        [
                            6959000.0,
                            -4000000.0
                        ],
                        [
                            6959000.0,
                            -5000000.0
                        ],
                        [
                            5959000.0,
                            -5000000.0
                        ],
                        [
                            5959000.0,
                            -4000000.0
                        ]
                    ]
                ]
            }
        },
        {
            "type": "Feature",
            "properties": {
                "tile_id": "R14_C29",
                "left": 9959000,
                "top": -4000000,
                "right": 10959000,
                "bottom": -5000000
            },
            "geometry": {
                "type": "Polygon",
                "coordinates": [
                    [
                        [
                            9959000.0,
                            -4000000.0
                        ],
                        [
                            10959000.0,
                            -4000000.0
                        ],
                        [
                            10959000.0,
                            -5000000.0
                        ],
                        [
                            9959000.0,
                            -5000000.0
                        ],
                        [
                            9959000.0,
                            -4000000.0
                        ]
                    ]
                ]
            }
        },
        {
            "type": "Feature",
            "properties": {
                "tile_id": "R14_C30",
                "left": 10959000,
                "top": -4000000,
                "right": 11959000,
                "bottom": -5000000
            },
            "geometry": {
                "type": "Polygon",
                "coordinates": [
                    [
                        [
                            10959000.0,
                            -4000000.0
                        ],
                        [
                            11959000.0,
                            -4000000.0
                        ],
                        [
                            11959000.0,
                            -5000000.0
                        ],
                        [
                            10959000.0,
                            -5000000.0
                        ],
                        [
                            10959000.0,
                            -4000000.0
                        ]
                    ]
                ]
            }
        },
        {
            "type": "Feature",
            "properties": {
                "tile_id": "R14_C31",
                "left": 11959000,
                "top": -4000000,
                "right": 12959000,
                "bottom": -5000000
            },
            "geometry": {
                "type": "Polygon",
                "coordinates": [
                    [
                        [
                            11959000.0,
                            -4000000.0
                        ],
                        [
                            12959000.0,
                            -4000000.0
                        ],
                        [
                            12959000.0,
                            -5000000.0
                        ],
                        [
                            11959000.0,
                            -5000000.0
                        ],
                        [
                            11959000.0,
                            -4000000.0
                        ]
                    ]
                ]
            }
        },
        {
            "type": "Feature",
            "properties": {
                "tile_id": "R14_C32",
                "left": 12959000,
                "top": -4000000,
                "right": 13959000,
                "bottom": -5000000
            },
            "geometry": {
                "type": "Polygon",
                "coordinates": [
                    [
                        [
                            12959000.0,
                            -4000000.0
                        ],
                        [
                            13959000.0,
                            -4000000.0
                        ],
                        [
                            13959000.0,
                            -5000000.0
                        ],
                        [
                            12959000.0,
                            -5000000.0
                        ],
                        [
                            12959000.0,
                            -4000000.0
                        ]
                    ]
                ]
            }
        },
        {
            "type": "Feature",
            "properties": {
                "tile_id": "R14_C33",
                "left": 13959000,
                "top": -4000000,
                "right": 14959000,
                "bottom": -5000000
            },
            "geometry": {
                "type": "Polygon",
                "coordinates": [
                    [
                        [
                            13959000.0,
                            -4000000.0
                        ],
                        [
                            14959000.0,
                            -4000000.0
                        ],
                        [
                            14959000.0,
                            -5000000.0
                        ],
                        [
                            13959000.0,
                            -5000000.0
                        ],
                        [
                            13959000.0,
                            -4000000.0
                        ]
                    ]
                ]
            }
        },
        {
            "type": "Feature",
            "properties": {
                "tile_id": "R14_C34",
                "left": 14959000,
                "top": -4000000,
                "right": 15959000,
                "bottom": -5000000
            },
            "geometry": {
                "type": "Polygon",
                "coordinates": [
                    [
                        [
                            14959000.0,
                            -4000000.0
                        ],
                        [
                            15959000.0,
                            -4000000.0
                        ],
                        [
                            15959000.0,
                            -5000000.0
                        ],
                        [
                            14959000.0,
                            -5000000.0
                        ],
                        [
                            14959000.0,
                            -4000000.0
                        ]
                    ]
                ]
            }
        },
        {
            "type": "Feature",
            "properties": {
                "tile_id": "R15_C12",
                "left": -7041000,
                "top": -5000000,
                "right": -6041000,
                "bottom": -6000000
            },
            "geometry": {
                "type": "Polygon",
                "coordinates": [
                    [
                        [
                            -7041000.0,
                            -5000000.0
                        ],
                        [
                            -6041000.0,
                            -5000000.0
                        ],
                        [
                            -6041000.0,
                            -6000000.0
                        ],
                        [
                            -7041000.0,
                            -6000000.0
                        ],
                        [
                            -7041000.0,
                            -5000000.0
                        ]
                    ]
                ]
            }
        },
        {
            "type": "Feature",
            "properties": {
                "tile_id": "R15_C13",
                "left": -6041000,
                "top": -5000000,
                "right": -5041000,
                "bottom": -6000000
            },
            "geometry": {
                "type": "Polygon",
                "coordinates": [
                    [
                        [
                            -6041000.0,
                            -5000000.0
                        ],
                        [
                            -5041000.0,
                            -5000000.0
                        ],
                        [
                            -5041000.0,
                            -6000000.0
                        ],
                        [
                            -6041000.0,
                            -6000000.0
                        ],
                        [
                            -6041000.0,
                            -5000000.0
                        ]
                    ]
                ]
            }
        },
        {
            "type": "Feature",
            "properties": {
                "tile_id": "R15_C14",
                "left": -5041000,
                "top": -5000000,
                "right": -4041000,
                "bottom": -6000000
            },
            "geometry": {
                "type": "Polygon",
                "coordinates": [
                    [
                        [
                            -5041000.0,
                            -5000000.0
                        ],
                        [
                            -4041000.0,
                            -5000000.0
                        ],
                        [
                            -4041000.0,
                            -6000000.0
                        ],
                        [
                            -5041000.0,
                            -6000000.0
                        ],
                        [
                            -5041000.0,
                            -5000000.0
                        ]
                    ]
                ]
            }
        },
        {
            "type": "Feature",
            "properties": {
                "tile_id": "R15_C22",
                "left": 2959000,
                "top": -5000000,
                "right": 3959000,
                "bottom": -6000000
            },
            "geometry": {
                "type": "Polygon",
                "coordinates": [
                    [
                        [
                            2959000.0,
                            -5000000.0
                        ],
                        [
                            3959000.0,
                            -5000000.0
                        ],
                        [
                            3959000.0,
                            -6000000.0
                        ],
                        [
                            2959000.0,
                            -6000000.0
                        ],
                        [
                            2959000.0,
                            -5000000.0
                        ]
                    ]
                ]
            }
        },
        {
            "type": "Feature",
            "properties": {
                "tile_id": "R15_C23",
                "left": 3959000,
                "top": -5000000,
                "right": 4959000,
                "bottom": -6000000
            },
            "geometry": {
                "type": "Polygon",
                "coordinates": [
                    [
                        [
                            3959000.0,
                            -5000000.0
                        ],
                        [
                            4959000.0,
                            -5000000.0
                        ],
                        [
                            4959000.0,
                            -6000000.0
                        ],
                        [
                            3959000.0,
                            -6000000.0
                        ],
                        [
                            3959000.0,
                            -5000000.0
                        ]
                    ]
                ]
            }
        },
        {
            "type": "Feature",
            "properties": {
                "tile_id": "R15_C24",
                "left": 4959000,
                "top": -5000000,
                "right": 5959000,
                "bottom": -6000000
            },
            "geometry": {
                "type": "Polygon",
                "coordinates": [
                    [
                        [
                            4959000.0,
                            -5000000.0
                        ],
                        [
                            5959000.0,
                            -5000000.0
                        ],
                        [
                            5959000.0,
                            -6000000.0
                        ],
                        [
                            4959000.0,
                            -6000000.0
                        ],
                        [
                            4959000.0,
                            -5000000.0
                        ]
                    ]
                ]
            }
        },
        {
            "type": "Feature",
            "properties": {
                "tile_id": "R15_C31",
                "left": 11959000,
                "top": -5000000,
                "right": 12959000,
                "bottom": -6000000
            },
            "geometry": {
                "type": "Polygon",
                "coordinates": [
                    [
                        [
                            11959000.0,
                            -5000000.0
                        ],
                        [
                            12959000.0,
                            -5000000.0
                        ],
                        [
                            12959000.0,
                            -6000000.0
                        ],
                        [
                            11959000.0,
                            -6000000.0
                        ],
                        [
                            11959000.0,
                            -5000000.0
                        ]
                    ]
                ]
            }
        },
        {
            "type": "Feature",
            "properties": {
                "tile_id": "R15_C32",
                "left": 12959000,
                "top": -5000000,
                "right": 13959000,
                "bottom": -6000000
            },
            "geometry": {
                "type": "Polygon",
                "coordinates": [
                    [
                        [
                            12959000.0,
                            -5000000.0
                        ],
                        [
                            13959000.0,
                            -5000000.0
                        ],
                        [
                            13959000.0,
                            -6000000.0
                        ],
                        [
                            12959000.0,
                            -6000000.0
                        ],
                        [
                            12959000.0,
                            -5000000.0
                        ]
                    ]
                ]
            }
        },
        {
            "type": "Feature",
            "properties": {
                "tile_id": "R15_C33",
                "left": 13959000,
                "top": -5000000,
                "right": 14959000,
                "bottom": -6000000
            },
            "geometry": {
                "type": "Polygon",
                "coordinates": [
                    [
                        [
                            13959000.0,
                            -5000000.0
                        ],
                        [
                            14959000.0,
                            -5000000.0
                        ],
                        [
                            14959000.0,
                            -6000000.0
                        ],
                        [
                            13959000.0,
                            -6000000.0
                        ],
                        [
                            13959000.0,
                            -5000000.0
                        ]
                    ]
                ]
            }
        },
        {
            "type": "Feature",
            "properties": {
                "tile_id": "R15_C4",
                "left": -15041000,
                "top": -5000000,
                "right": -14041000,
                "bottom": -6000000
            },
            "geometry": {
                "type": "Polygon",
                "coordinates": [
                    [
                        [
                            -15041000.0,
                            -5000000.0
                        ],
                        [
                            -14041000.0,
                            -5000000.0
                        ],
                        [
                            -14041000.0,
                            -6000000.0
                        ],
                        [
                            -15041000.0,
                            -6000000.0
                        ],
                        [
                            -15041000.0,
                            -5000000.0
                        ]
                    ]
                ]
            }
        },
        {
            "type": "Feature",
            "properties": {
                "tile_id": "R16_C13",
                "left": -6041000,
                "top": -6000000,
                "right": -5041000,
                "bottom": -7000000
            },
            "geometry": {
                "type": "Polygon",
                "coordinates": [
                    [
                        [
                            -6041000.0,
                            -6000000.0
                        ],
                        [
                            -5041000.0,
                            -6000000.0
                        ],
                        [
                            -5041000.0,
                            -7000000.0
                        ],
                        [
                            -6041000.0,
                            -7000000.0
                        ],
                        [
                            -6041000.0,
                            -6000000.0
                        ]
                    ]
                ]
            }
        },
        {
            "type": "Feature",
            "properties": {
                "tile_id": "R16_C14",
                "left": -5041000,
                "top": -6000000,
                "right": -4041000,
                "bottom": -7000000
            },
            "geometry": {
                "type": "Polygon",
                "coordinates": [
                    [
                        [
                            -5041000.0,
                            -6000000.0
                        ],
                        [
                            -4041000.0,
                            -6000000.0
                        ],
                        [
                            -4041000.0,
                            -7000000.0
                        ],
                        [
                            -5041000.0,
                            -7000000.0
                        ],
                        [
                            -5041000.0,
                            -6000000.0
                        ]
                    ]
                ]
            }
        },
        {
            "type": "Feature",
            "properties": {
                "tile_id": "R16_C15",
                "left": -4041000,
                "top": -6000000,
                "right": -3041000,
                "bottom": -7000000
            },
            "geometry": {
                "type": "Polygon",
                "coordinates": [
                    [
                        [
                            -4041000.0,
                            -6000000.0
                        ],
                        [
                            -3041000.0,
                            -6000000.0
                        ],
                        [
                            -3041000.0,
                            -7000000.0
                        ],
                        [
                            -4041000.0,
                            -7000000.0
                        ],
                        [
                            -4041000.0,
                            -6000000.0
                        ]
                    ]
                ]
            }
        },
        {
            "type": "Feature",
            "properties": {
                "tile_id": "R16_C16",
                "left": -3041000,
                "top": -6000000,
                "right": -2041000,
                "bottom": -7000000
            },
            "geometry": {
                "type": "Polygon",
                "coordinates": [
                    [
                        [
                            -3041000.0,
                            -6000000.0
                        ],
                        [
                            -2041000.0,
                            -6000000.0
                        ],
                        [
                            -2041000.0,
                            -7000000.0
                        ],
                        [
                            -3041000.0,
                            -7000000.0
                        ],
                        [
                            -3041000.0,
                            -6000000.0
                        ]
                    ]
                ]
            }
        },
        {
            "type": "Feature",
            "properties": {
                "tile_id": "R16_C17",
                "left": -2041000,
                "top": -6000000,
                "right": -1041000,
                "bottom": -7000000
            },
            "geometry": {
                "type": "Polygon",
                "coordinates": [
                    [
                        [
                            -2041000.0,
                            -6000000.0
                        ],
                        [
                            -1041000.0,
                            -6000000.0
                        ],
                        [
                            -1041000.0,
                            -7000000.0
                        ],
                        [
                            -2041000.0,
                            -7000000.0
                        ],
                        [
                            -2041000.0,
                            -6000000.0
                        ]
                    ]
                ]
            }
        },
        {
            "type": "Feature",
            "properties": {
                "tile_id": "R16_C19",
                "left": -41000,
                "top": -6000000,
                "right": 959000,
                "bottom": -7000000
            },
            "geometry": {
                "type": "Polygon",
                "coordinates": [
                    [
                        [
                            -41000.0,
                            -6000000.0
                        ],
                        [
                            959000.0,
                            -6000000.0
                        ],
                        [
                            959000.0,
                            -7000000.0
                        ],
                        [
                            -41000.0,
                            -7000000.0
                        ],
                        [
                            -41000.0,
                            -6000000.0
                        ]
                    ]
                ]
            }
        },
        {
            "type": "Feature",
            "properties": {
                "tile_id": "R16_C24",
                "left": 4959000,
                "top": -6000000,
                "right": 5959000,
                "bottom": -7000000
            },
            "geometry": {
                "type": "Polygon",
                "coordinates": [
                    [
                        [
                            4959000.0,
                            -6000000.0
                        ],
                        [
                            5959000.0,
                            -6000000.0
                        ],
                        [
                            5959000.0,
                            -7000000.0
                        ],
                        [
                            4959000.0,
                            -7000000.0
                        ],
                        [
                            4959000.0,
                            -6000000.0
                        ]
                    ]
                ]
            }
        },
        {
            "type": "Feature",
            "properties": {
                "tile_id": "R16_C30",
                "left": 10959000,
                "top": -6000000,
                "right": 11959000,
                "bottom": -7000000
            },
            "geometry": {
                "type": "Polygon",
                "coordinates": [
                    [
                        [
                            10959000.0,
                            -6000000.0
                        ],
                        [
                            11959000.0,
                            -6000000.0
                        ],
                        [
                            11959000.0,
                            -7000000.0
                        ],
                        [
                            10959000.0,
                            -7000000.0
                        ],
                        [
                            10959000.0,
                            -6000000.0
                        ]
                    ]
                ]
            }
        },
        {
            "type": "Feature",
            "properties": {
                "tile_id": "R16_C31",
                "left": 11959000,
                "top": -6000000,
                "right": 12959000,
                "bottom": -7000000
            },
            "geometry": {
                "type": "Polygon",
                "coordinates": [
                    [
                        [
                            11959000.0,
                            -6000000.0
                        ],
                        [
                            12959000.0,
                            -6000000.0
                        ],
                        [
                            12959000.0,
                            -7000000.0
                        ],
                        [
                            11959000.0,
                            -7000000.0
                        ],
                        [
                            11959000.0,
                            -6000000.0
                        ]
                    ]
                ]
            }
        },
        {
            "type": "Feature",
            "properties": {
                "tile_id": "R17_C14",
                "left": -5041000,
                "top": -7000000,
                "right": -4041000,
                "bottom": -8000000
            },
            "geometry": {
                "type": "Polygon",
                "coordinates": [
                    [
                        [
                            -5041000.0,
                            -7000000.0
                        ],
                        [
                            -4041000.0,
                            -7000000.0
                        ],
                        [
                            -4041000.0,
                            -8000000.0
                        ],
                        [
                            -5041000.0,
                            -8000000.0
                        ],
                        [
                            -5041000.0,
                            -7000000.0
                        ]
                    ]
                ]
            }
        },
        {
            "type": "Feature",
            "properties": {
                "tile_id": "R17_C15",
                "left": -4041000,
                "top": -7000000,
                "right": -3041000,
                "bottom": -8000000
            },
            "geometry": {
                "type": "Polygon",
                "coordinates": [
                    [
                        [
                            -4041000.0,
                            -7000000.0
                        ],
                        [
                            -3041000.0,
                            -7000000.0
                        ],
                        [
                            -3041000.0,
                            -8000000.0
                        ],
                        [
                            -4041000.0,
                            -8000000.0
                        ],
                        [
                            -4041000.0,
                            -7000000.0
                        ]
                    ]
                ]
            }
        },
        {
            "type": "Feature",
            "properties": {
                "tile_id": "R17_C16",
                "left": -3041000,
                "top": -7000000,
                "right": -2041000,
                "bottom": -8000000
            },
            "geometry": {
                "type": "Polygon",
                "coordinates": [
                    [
                        [
                            -3041000.0,
                            -7000000.0
                        ],
                        [
                            -2041000.0,
                            -7000000.0
                        ],
                        [
                            -2041000.0,
                            -8000000.0
                        ],
                        [
                            -3041000.0,
                            -8000000.0
                        ],
                        [
                            -3041000.0,
                            -7000000.0
                        ]
                    ]
                ]
            }
        },
        {
            "type": "Feature",
            "properties": {
                "tile_id": "R17_C18",
                "left": -1041000,
                "top": -7000000,
                "right": -41000,
                "bottom": -8000000
            },
            "geometry": {
                "type": "Polygon",
                "coordinates": [
                    [
                        [
                            -1041000.0,
                            -7000000.0
                        ],
                        [
                            -41000.0,
                            -7000000.0
                        ],
                        [
                            -41000.0,
                            -8000000.0
                        ],
                        [
                            -1041000.0,
                            -8000000.0
                        ],
                        [
                            -1041000.0,
                            -7000000.0
                        ]
                    ]
                ]
            }
        },
        {
            "type": "Feature",
            "properties": {
                "tile_id": "R17_C19",
                "left": -41000,
                "top": -7000000,
                "right": 959000,
                "bottom": -8000000
            },
            "geometry": {
                "type": "Polygon",
                "coordinates": [
                    [
                        [
                            -41000.0,
                            -7000000.0
                        ],
                        [
                            959000.0,
                            -7000000.0
                        ],
                        [
                            959000.0,
                            -8000000.0
                        ],
                        [
                            -41000.0,
                            -8000000.0
                        ],
                        [
                            -41000.0,
                            -7000000.0
                        ]
                    ]
                ]
            }
        },
        {
            "type": "Feature",
            "properties": {
                "tile_id": "R17_C20",
                "left": 959000,
                "top": -7000000,
                "right": 1959000,
                "bottom": -8000000
            },
            "geometry": {
                "type": "Polygon",
                "coordinates": [
                    [
                        [
                            959000.0,
                            -7000000.0
                        ],
                        [
                            1959000.0,
                            -7000000.0
                        ],
                        [
                            1959000.0,
                            -8000000.0
                        ],
                        [
                            959000.0,
                            -8000000.0
                        ],
                        [
                            959000.0,
                            -7000000.0
                        ]
                    ]
                ]
            }
        },
        {
            "type": "Feature",
            "properties": {
                "tile_id": "R17_C21",
                "left": 1959000,
                "top": -7000000,
                "right": 2959000,
                "bottom": -8000000
            },
            "geometry": {
                "type": "Polygon",
                "coordinates": [
                    [
                        [
                            1959000.0,
                            -7000000.0
                        ],
                        [
                            2959000.0,
                            -7000000.0
                        ],
                        [
                            2959000.0,
                            -8000000.0
                        ],
                        [
                            1959000.0,
                            -8000000.0
                        ],
                        [
                            1959000.0,
                            -7000000.0
                        ]
                    ]
                ]
            }
        },
        {
            "type": "Feature",
            "properties": {
                "tile_id": "R17_C22",
                "left": 2959000,
                "top": -7000000,
                "right": 3959000,
                "bottom": -8000000
            },
            "geometry": {
                "type": "Polygon",
                "coordinates": [
                    [
                        [
                            2959000.0,
                            -7000000.0
                        ],
                        [
                            3959000.0,
                            -7000000.0
                        ],
                        [
                            3959000.0,
                            -8000000.0
                        ],
                        [
                            2959000.0,
                            -8000000.0
                        ],
                        [
                            2959000.0,
                            -7000000.0
                        ]
                    ]
                ]
            }
        },
        {
            "type": "Feature",
            "properties": {
                "tile_id": "R17_C23",
                "left": 3959000,
                "top": -7000000,
                "right": 4959000,
                "bottom": -8000000
            },
            "geometry": {
                "type": "Polygon",
                "coordinates": [
                    [
                        [
                            3959000.0,
                            -7000000.0
                        ],
                        [
                            4959000.0,
                            -7000000.0
                        ],
                        [
                            4959000.0,
                            -8000000.0
                        ],
                        [
                            3959000.0,
                            -8000000.0
                        ],
                        [
                            3959000.0,
                            -7000000.0
                        ]
                    ]
                ]
            }
        },
        {
            "type": "Feature",
            "properties": {
                "tile_id": "R17_C24",
                "left": 4959000,
                "top": -7000000,
                "right": 5959000,
                "bottom": -8000000
            },
            "geometry": {
                "type": "Polygon",
                "coordinates": [
                    [
                        [
                            4959000.0,
                            -7000000.0
                        ],
                        [
                            5959000.0,
                            -7000000.0
                        ],
                        [
                            5959000.0,
                            -8000000.0
                        ],
                        [
                            4959000.0,
                            -8000000.0
                        ],
                        [
                            4959000.0,
                            -7000000.0
                        ]
                    ]
                ]
            }
        },
        {
            "type": "Feature",
            "properties": {
                "tile_id": "R17_C25",
                "left": 5959000,
                "top": -7000000,
                "right": 6959000,
                "bottom": -8000000
            },
            "geometry": {
                "type": "Polygon",
                "coordinates": [
                    [
                        [
                            5959000.0,
                            -7000000.0
                        ],
                        [
                            6959000.0,
                            -7000000.0
                        ],
                        [
                            6959000.0,
                            -8000000.0
                        ],
                        [
                            5959000.0,
                            -8000000.0
                        ],
                        [
                            5959000.0,
                            -7000000.0
                        ]
                    ]
                ]
            }
        },
        {
            "type": "Feature",
            "properties": {
                "tile_id": "R17_C26",
                "left": 6959000,
                "top": -7000000,
                "right": 7959000,
                "bottom": -8000000
            },
            "geometry": {
                "type": "Polygon",
                "coordinates": [
                    [
                        [
                            6959000.0,
                            -7000000.0
                        ],
                        [
                            7959000.0,
                            -7000000.0
                        ],
                        [
                            7959000.0,
                            -8000000.0
                        ],
                        [
                            6959000.0,
                            -8000000.0
                        ],
                        [
                            6959000.0,
                            -7000000.0
                        ]
                    ]
                ]
            }
        },
        {
            "type": "Feature",
            "properties": {
                "tile_id": "R17_C27",
                "left": 7959000,
                "top": -7000000,
                "right": 8959000,
                "bottom": -8000000
            },
            "geometry": {
                "type": "Polygon",
                "coordinates": [
                    [
                        [
                            7959000.0,
                            -7000000.0
                        ],
                        [
                            8959000.0,
                            -7000000.0
                        ],
                        [
                            8959000.0,
                            -8000000.0
                        ],
                        [
                            7959000.0,
                            -8000000.0
                        ],
                        [
                            7959000.0,
                            -7000000.0
                        ]
                    ]
                ]
            }
        },
        {
            "type": "Feature",
            "properties": {
                "tile_id": "R17_C28",
                "left": 8959000,
                "top": -7000000,
                "right": 9959000,
                "bottom": -8000000
            },
            "geometry": {
                "type": "Polygon",
                "coordinates": [
                    [
                        [
                            8959000.0,
                            -7000000.0
                        ],
                        [
                            9959000.0,
                            -7000000.0
                        ],
                        [
                            9959000.0,
                            -8000000.0
                        ],
                        [
                            8959000.0,
                            -8000000.0
                        ],
                        [
                            8959000.0,
                            -7000000.0
                        ]
                    ]
                ]
            }
        },
        {
            "type": "Feature",
            "properties": {
                "tile_id": "R17_C9",
                "left": -10041000,
                "top": -7000000,
                "right": -9041000,
                "bottom": -8000000
            },
            "geometry": {
                "type": "Polygon",
                "coordinates": [
                    [
                        [
                            -10041000.0,
                            -7000000.0
                        ],
                        [
                            -9041000.0,
                            -7000000.0
                        ],
                        [
                            -9041000.0,
                            -8000000.0
                        ],
                        [
                            -10041000.0,
                            -8000000.0
                        ],
                        [
                            -10041000.0,
                            -7000000.0
                        ]
                    ]
                ]
            }
        },
        {
            "type": "Feature",
            "properties": {
                "tile_id": "R18_C12",
                "left": -7041000,
                "top": -8000000,
                "right": -6041000,
                "bottom": -9000000
            },
            "geometry": {
                "type": "Polygon",
                "coordinates": [
                    [
                        [
                            -7041000.0,
                            -8000000.0
                        ],
                        [
                            -6041000.0,
                            -8000000.0
                        ],
                        [
                            -6041000.0,
                            -9000000.0
                        ],
                        [
                            -7041000.0,
                            -9000000.0
                        ],
                        [
                            -7041000.0,
                            -8000000.0
                        ]
                    ]
                ]
            }
        },
        {
            "type": "Feature",
            "properties": {
                "tile_id": "R18_C13",
                "left": -6041000,
                "top": -8000000,
                "right": -5041000,
                "bottom": -9000000
            },
            "geometry": {
                "type": "Polygon",
                "coordinates": [
                    [
                        [
                            -6041000.0,
                            -8000000.0
                        ],
                        [
                            -5041000.0,
                            -8000000.0
                        ],
                        [
                            -5041000.0,
                            -9000000.0
                        ],
                        [
                            -6041000.0,
                            -9000000.0
                        ],
                        [
                            -6041000.0,
                            -8000000.0
                        ]
                    ]
                ]
            }
        },
        {
            "type": "Feature",
            "properties": {
                "tile_id": "R18_C14",
                "left": -5041000,
                "top": -8000000,
                "right": -4041000,
                "bottom": -9000000
            },
            "geometry": {
                "type": "Polygon",
                "coordinates": [
                    [
                        [
                            -5041000.0,
                            -8000000.0
                        ],
                        [
                            -4041000.0,
                            -8000000.0
                        ],
                        [
                            -4041000.0,
                            -9000000.0
                        ],
                        [
                            -5041000.0,
                            -9000000.0
                        ],
                        [
                            -5041000.0,
                            -8000000.0
                        ]
                    ]
                ]
            }
        },
        {
            "type": "Feature",
            "properties": {
                "tile_id": "R18_C15",
                "left": -4041000,
                "top": -8000000,
                "right": -3041000,
                "bottom": -9000000
            },
            "geometry": {
                "type": "Polygon",
                "coordinates": [
                    [
                        [
                            -4041000.0,
                            -8000000.0
                        ],
                        [
                            -3041000.0,
                            -8000000.0
                        ],
                        [
                            -3041000.0,
                            -9000000.0
                        ],
                        [
                            -4041000.0,
                            -9000000.0
                        ],
                        [
                            -4041000.0,
                            -8000000.0
                        ]
                    ]
                ]
            }
        },
        {
            "type": "Feature",
            "properties": {
                "tile_id": "R18_C16",
                "left": -3041000,
                "top": -8000000,
                "right": -2041000,
                "bottom": -9000000
            },
            "geometry": {
                "type": "Polygon",
                "coordinates": [
                    [
                        [
                            -3041000.0,
                            -8000000.0
                        ],
                        [
                            -2041000.0,
                            -8000000.0
                        ],
                        [
                            -2041000.0,
                            -9000000.0
                        ],
                        [
                            -3041000.0,
                            -9000000.0
                        ],
                        [
                            -3041000.0,
                            -8000000.0
                        ]
                    ]
                ]
            }
        },
        {
            "type": "Feature",
            "properties": {
                "tile_id": "R18_C17",
                "left": -2041000,
                "top": -8000000,
                "right": -1041000,
                "bottom": -9000000
            },
            "geometry": {
                "type": "Polygon",
                "coordinates": [
                    [
                        [
                            -2041000.0,
                            -8000000.0
                        ],
                        [
                            -1041000.0,
                            -8000000.0
                        ],
                        [
                            -1041000.0,
                            -9000000.0
                        ],
                        [
                            -2041000.0,
                            -9000000.0
                        ],
                        [
                            -2041000.0,
                            -8000000.0
                        ]
                    ]
                ]
            }
        },
        {
            "type": "Feature",
            "properties": {
                "tile_id": "R18_C18",
                "left": -1041000,
                "top": -8000000,
                "right": -41000,
                "bottom": -9000000
            },
            "geometry": {
                "type": "Polygon",
                "coordinates": [
                    [
                        [
                            -1041000.0,
                            -8000000.0
                        ],
                        [
                            -41000.0,
                            -8000000.0
                        ],
                        [
                            -41000.0,
                            -9000000.0
                        ],
                        [
                            -1041000.0,
                            -9000000.0
                        ],
                        [
                            -1041000.0,
                            -8000000.0
                        ]
                    ]
                ]
            }
        },
        {
            "type": "Feature",
            "properties": {
                "tile_id": "R18_C19",
                "left": -41000,
                "top": -8000000,
                "right": 959000,
                "bottom": -9000000
            },
            "geometry": {
                "type": "Polygon",
                "coordinates": [
                    [
                        [
                            -41000.0,
                            -8000000.0
                        ],
                        [
                            959000.0,
                            -8000000.0
                        ],
                        [
                            959000.0,
                            -9000000.0
                        ],
                        [
                            -41000.0,
                            -9000000.0
                        ],
                        [
                            -41000.0,
                            -8000000.0
                        ]
                    ]
                ]
            }
        },
        {
            "type": "Feature",
            "properties": {
                "tile_id": "R18_C20",
                "left": 959000,
                "top": -8000000,
                "right": 1959000,
                "bottom": -9000000
            },
            "geometry": {
                "type": "Polygon",
                "coordinates": [
                    [
                        [
                            959000.0,
                            -8000000.0
                        ],
                        [
                            1959000.0,
                            -8000000.0
                        ],
                        [
                            1959000.0,
                            -9000000.0
                        ],
                        [
                            959000.0,
                            -9000000.0
                        ],
                        [
                            959000.0,
                            -8000000.0
                        ]
                    ]
                ]
            }
        },
        {
            "type": "Feature",
            "properties": {
                "tile_id": "R18_C21",
                "left": 1959000,
                "top": -8000000,
                "right": 2959000,
                "bottom": -9000000
            },
            "geometry": {
                "type": "Polygon",
                "coordinates": [
                    [
                        [
                            1959000.0,
                            -8000000.0
                        ],
                        [
                            2959000.0,
                            -8000000.0
                        ],
                        [
                            2959000.0,
                            -9000000.0
                        ],
                        [
                            1959000.0,
                            -9000000.0
                        ],
                        [
                            1959000.0,
                            -8000000.0
                        ]
                    ]
                ]
            }
        },
        {
            "type": "Feature",
            "properties": {
                "tile_id": "R18_C22",
                "left": 2959000,
                "top": -8000000,
                "right": 3959000,
                "bottom": -9000000
            },
            "geometry": {
                "type": "Polygon",
                "coordinates": [
                    [
                        [
                            2959000.0,
                            -8000000.0
                        ],
                        [
                            3959000.0,
                            -8000000.0
                        ],
                        [
                            3959000.0,
                            -9000000.0
                        ],
                        [
                            2959000.0,
                            -9000000.0
                        ],
                        [
                            2959000.0,
                            -8000000.0
                        ]
                    ]
                ]
            }
        },
        {
            "type": "Feature",
            "properties": {
                "tile_id": "R18_C23",
                "left": 3959000,
                "top": -8000000,
                "right": 4959000,
                "bottom": -9000000
            },
            "geometry": {
                "type": "Polygon",
                "coordinates": [
                    [
                        [
                            3959000.0,
                            -8000000.0
                        ],
                        [
                            4959000.0,
                            -8000000.0
                        ],
                        [
                            4959000.0,
                            -9000000.0
                        ],
                        [
                            3959000.0,
                            -9000000.0
                        ],
                        [
                            3959000.0,
                            -8000000.0
                        ]
                    ]
                ]
            }
        },
        {
            "type": "Feature",
            "properties": {
                "tile_id": "R18_C24",
                "left": 4959000,
                "top": -8000000,
                "right": 5959000,
                "bottom": -9000000
            },
            "geometry": {
                "type": "Polygon",
                "coordinates": [
                    [
                        [
                            4959000.0,
                            -8000000.0
                        ],
                        [
                            5959000.0,
                            -8000000.0
                        ],
                        [
                            5959000.0,
                            -9000000.0
                        ],
                        [
                            4959000.0,
                            -9000000.0
                        ],
                        [
                            4959000.0,
                            -8000000.0
                        ]
                    ]
                ]
            }
        },
        {
            "type": "Feature",
            "properties": {
                "tile_id": "R18_C25",
                "left": 5959000,
                "top": -8000000,
                "right": 6959000,
                "bottom": -9000000
            },
            "geometry": {
                "type": "Polygon",
                "coordinates": [
                    [
                        [
                            5959000.0,
                            -8000000.0
                        ],
                        [
                            6959000.0,
                            -8000000.0
                        ],
                        [
                            6959000.0,
                            -9000000.0
                        ],
                        [
                            5959000.0,
                            -9000000.0
                        ],
                        [
                            5959000.0,
                            -8000000.0
                        ]
                    ]
                ]
            }
        },
        {
            "type": "Feature",
            "properties": {
                "tile_id": "R18_C26",
                "left": 6959000,
                "top": -8000000,
                "right": 7959000,
                "bottom": -9000000
            },
            "geometry": {
                "type": "Polygon",
                "coordinates": [
                    [
                        [
                            6959000.0,
                            -8000000.0
                        ],
                        [
                            7959000.0,
                            -8000000.0
                        ],
                        [
                            7959000.0,
                            -9000000.0
                        ],
                        [
                            6959000.0,
                            -9000000.0
                        ],
                        [
                            6959000.0,
                            -8000000.0
                        ]
                    ]
                ]
            }
        },
        {
            "type": "Feature",
            "properties": {
                "tile_id": "R1_C13",
                "left": -6041000,
                "top": 9000000,
                "right": -5041000,
                "bottom": 8000000
            },
            "geometry": {
                "type": "Polygon",
                "coordinates": [
                    [
                        [
                            -6041000.0,
                            9000000.0
                        ],
                        [
                            -5041000.0,
                            9000000.0
                        ],
                        [
                            -5041000.0,
                            8000000.0
                        ],
                        [
                            -6041000.0,
                            8000000.0
                        ],
                        [
                            -6041000.0,
                            9000000.0
                        ]
                    ]
                ]
            }
        },
        {
            "type": "Feature",
            "properties": {
                "tile_id": "R1_C14",
                "left": -5041000,
                "top": 9000000,
                "right": -4041000,
                "bottom": 8000000
            },
            "geometry": {
                "type": "Polygon",
                "coordinates": [
                    [
                        [
                            -5041000.0,
                            9000000.0
                        ],
                        [
                            -4041000.0,
                            9000000.0
                        ],
                        [
                            -4041000.0,
                            8000000.0
                        ],
                        [
                            -5041000.0,
                            8000000.0
                        ],
                        [
                            -5041000.0,
                            9000000.0
                        ]
                    ]
                ]
            }
        },
        {
            "type": "Feature",
            "properties": {
                "tile_id": "R1_C15",
                "left": -4041000,
                "top": 9000000,
                "right": -3041000,
                "bottom": 8000000
            },
            "geometry": {
                "type": "Polygon",
                "coordinates": [
                    [
                        [
                            -4041000.0,
                            9000000.0
                        ],
                        [
                            -3041000.0,
                            9000000.0
                        ],
                        [
                            -3041000.0,
                            8000000.0
                        ],
                        [
                            -4041000.0,
                            8000000.0
                        ],
                        [
                            -4041000.0,
                            9000000.0
                        ]
                    ]
                ]
            }
        },
        {
            "type": "Feature",
            "properties": {
                "tile_id": "R1_C16",
                "left": -3041000,
                "top": 9000000,
                "right": -2041000,
                "bottom": 8000000
            },
            "geometry": {
                "type": "Polygon",
                "coordinates": [
                    [
                        [
                            -3041000.0,
                            9000000.0
                        ],
                        [
                            -2041000.0,
                            9000000.0
                        ],
                        [
                            -2041000.0,
                            8000000.0
                        ],
                        [
                            -3041000.0,
                            8000000.0
                        ],
                        [
                            -3041000.0,
                            9000000.0
                        ]
                    ]
                ]
            }
        },
        {
            "type": "Feature",
            "properties": {
                "tile_id": "R1_C17",
                "left": -2041000,
                "top": 9000000,
                "right": -1041000,
                "bottom": 8000000
            },
            "geometry": {
                "type": "Polygon",
                "coordinates": [
                    [
                        [
                            -2041000.0,
                            9000000.0
                        ],
                        [
                            -1041000.0,
                            9000000.0
                        ],
                        [
                            -1041000.0,
                            8000000.0
                        ],
                        [
                            -2041000.0,
                            8000000.0
                        ],
                        [
                            -2041000.0,
                            9000000.0
                        ]
                    ]
                ]
            }
        },
        {
            "type": "Feature",
            "properties": {
                "tile_id": "R1_C18",
                "left": -1041000,
                "top": 9000000,
                "right": -41000,
                "bottom": 8000000
            },
            "geometry": {
                "type": "Polygon",
                "coordinates": [
                    [
                        [
                            -1041000.0,
                            9000000.0
                        ],
                        [
                            -41000.0,
                            9000000.0
                        ],
                        [
                            -41000.0,
                            8000000.0
                        ],
                        [
                            -1041000.0,
                            8000000.0
                        ],
                        [
                            -1041000.0,
                            9000000.0
                        ]
                    ]
                ]
            }
        },
        {
            "type": "Feature",
            "properties": {
                "tile_id": "R1_C19",
                "left": -41000,
                "top": 9000000,
                "right": 959000,
                "bottom": 8000000
            },
            "geometry": {
                "type": "Polygon",
                "coordinates": [
                    [
                        [
                            -41000.0,
                            9000000.0
                        ],
                        [
                            959000.0,
                            9000000.0
                        ],
                        [
                            959000.0,
                            8000000.0
                        ],
                        [
                            -41000.0,
                            8000000.0
                        ],
                        [
                            -41000.0,
                            9000000.0
                        ]
                    ]
                ]
            }
        },
        {
            "type": "Feature",
            "properties": {
                "tile_id": "R1_C20",
                "left": 959000,
                "top": 9000000,
                "right": 1959000,
                "bottom": 8000000
            },
            "geometry": {
                "type": "Polygon",
                "coordinates": [
                    [
                        [
                            959000.0,
                            9000000.0
                        ],
                        [
                            1959000.0,
                            9000000.0
                        ],
                        [
                            1959000.0,
                            8000000.0
                        ],
                        [
                            959000.0,
                            8000000.0
                        ],
                        [
                            959000.0,
                            9000000.0
                        ]
                    ]
                ]
            }
        },
        {
            "type": "Feature",
            "properties": {
                "tile_id": "R1_C21",
                "left": 1959000,
                "top": 9000000,
                "right": 2959000,
                "bottom": 8000000
            },
            "geometry": {
                "type": "Polygon",
                "coordinates": [
                    [
                        [
                            1959000.0,
                            9000000.0
                        ],
                        [
                            2959000.0,
                            9000000.0
                        ],
                        [
                            2959000.0,
                            8000000.0
                        ],
                        [
                            1959000.0,
                            8000000.0
                        ],
                        [
                            1959000.0,
                            9000000.0
                        ]
                    ]
                ]
            }
        },
        {
            "type": "Feature",
            "properties": {
                "tile_id": "R1_C22",
                "left": 2959000,
                "top": 9000000,
                "right": 3959000,
                "bottom": 8000000
            },
            "geometry": {
                "type": "Polygon",
                "coordinates": [
                    [
                        [
                            2959000.0,
                            9000000.0
                        ],
                        [
                            3959000.0,
                            9000000.0
                        ],
                        [
                            3959000.0,
                            8000000.0
                        ],
                        [
                            2959000.0,
                            8000000.0
                        ],
                        [
                            2959000.0,
                            9000000.0
                        ]
                    ]
                ]
            }
        },
        {
            "type": "Feature",
            "properties": {
                "tile_id": "R1_C23",
                "left": 3959000,
                "top": 9000000,
                "right": 4959000,
                "bottom": 8000000
            },
            "geometry": {
                "type": "Polygon",
                "coordinates": [
                    [
                        [
                            3959000.0,
                            9000000.0
                        ],
                        [
                            4959000.0,
                            9000000.0
                        ],
                        [
                            4959000.0,
                            8000000.0
                        ],
                        [
                            3959000.0,
                            8000000.0
                        ],
                        [
                            3959000.0,
                            9000000.0
                        ]
                    ]
                ]
            }
        },
        {
            "type": "Feature",
            "properties": {
                "tile_id": "R1_C24",
                "left": 4959000,
                "top": 9000000,
                "right": 5959000,
                "bottom": 8000000
            },
            "geometry": {
                "type": "Polygon",
                "coordinates": [
                    [
                        [
                            4959000.0,
                            9000000.0
                        ],
                        [
                            5959000.0,
                            9000000.0
                        ],
                        [
                            5959000.0,
                            8000000.0
                        ],
                        [
                            4959000.0,
                            8000000.0
                        ],
                        [
                            4959000.0,
                            9000000.0
                        ]
                    ]
                ]
            }
        },
        {
            "type": "Feature",
            "properties": {
                "tile_id": "R1_C25",
                "left": 5959000,
                "top": 9000000,
                "right": 6959000,
                "bottom": 8000000
            },
            "geometry": {
                "type": "Polygon",
                "coordinates": [
                    [
                        [
                            5959000.0,
                            9000000.0
                        ],
                        [
                            6959000.0,
                            9000000.0
                        ],
                        [
                            6959000.0,
                            8000000.0
                        ],
                        [
                            5959000.0,
                            8000000.0
                        ],
                        [
                            5959000.0,
                            9000000.0
                        ]
                    ]
                ]
            }
        },
        {
            "type": "Feature",
            "properties": {
                "tile_id": "R2_C10",
                "left": -9041000,
                "top": 8000000,
                "right": -8041000,
                "bottom": 7000000
            },
            "geometry": {
                "type": "Polygon",
                "coordinates": [
                    [
                        [
                            -9041000.0,
                            8000000.0
                        ],
                        [
                            -8041000.0,
                            8000000.0
                        ],
                        [
                            -8041000.0,
                            7000000.0
                        ],
                        [
                            -9041000.0,
                            7000000.0
                        ],
                        [
                            -9041000.0,
                            8000000.0
                        ]
                    ]
                ]
            }
        },
        {
            "type": "Feature",
            "properties": {
                "tile_id": "R2_C11",
                "left": -8041000,
                "top": 8000000,
                "right": -7041000,
                "bottom": 7000000
            },
            "geometry": {
                "type": "Polygon",
                "coordinates": [
                    [
                        [
                            -8041000.0,
                            8000000.0
                        ],
                        [
                            -7041000.0,
                            8000000.0
                        ],
                        [
                            -7041000.0,
                            7000000.0
                        ],
                        [
                            -8041000.0,
                            7000000.0
                        ],
                        [
                            -8041000.0,
                            8000000.0
                        ]
                    ]
                ]
            }
        },
        {
            "type": "Feature",
            "properties": {
                "tile_id": "R2_C12",
                "left": -7041000,
                "top": 8000000,
                "right": -6041000,
                "bottom": 7000000
            },
            "geometry": {
                "type": "Polygon",
                "coordinates": [
                    [
                        [
                            -7041000.0,
                            8000000.0
                        ],
                        [
                            -6041000.0,
                            8000000.0
                        ],
                        [
                            -6041000.0,
                            7000000.0
                        ],
                        [
                            -7041000.0,
                            7000000.0
                        ],
                        [
                            -7041000.0,
                            8000000.0
                        ]
                    ]
                ]
            }
        },
        {
            "type": "Feature",
            "properties": {
                "tile_id": "R2_C13",
                "left": -6041000,
                "top": 8000000,
                "right": -5041000,
                "bottom": 7000000
            },
            "geometry": {
                "type": "Polygon",
                "coordinates": [
                    [
                        [
                            -6041000.0,
                            8000000.0
                        ],
                        [
                            -5041000.0,
                            8000000.0
                        ],
                        [
                            -5041000.0,
                            7000000.0
                        ],
                        [
                            -6041000.0,
                            7000000.0
                        ],
                        [
                            -6041000.0,
                            8000000.0
                        ]
                    ]
                ]
            }
        },
        {
            "type": "Feature",
            "properties": {
                "tile_id": "R2_C14",
                "left": -5041000,
                "top": 8000000,
                "right": -4041000,
                "bottom": 7000000
            },
            "geometry": {
                "type": "Polygon",
                "coordinates": [
                    [
                        [
                            -5041000.0,
                            8000000.0
                        ],
                        [
                            -4041000.0,
                            8000000.0
                        ],
                        [
                            -4041000.0,
                            7000000.0
                        ],
                        [
                            -5041000.0,
                            7000000.0
                        ],
                        [
                            -5041000.0,
                            8000000.0
                        ]
                    ]
                ]
            }
        },
        {
            "type": "Feature",
            "properties": {
                "tile_id": "R2_C15",
                "left": -4041000,
                "top": 8000000,
                "right": -3041000,
                "bottom": 7000000
            },
            "geometry": {
                "type": "Polygon",
                "coordinates": [
                    [
                        [
                            -4041000.0,
                            8000000.0
                        ],
                        [
                            -3041000.0,
                            8000000.0
                        ],
                        [
                            -3041000.0,
                            7000000.0
                        ],
                        [
                            -4041000.0,
                            7000000.0
                        ],
                        [
                            -4041000.0,
                            8000000.0
                        ]
                    ]
                ]
            }
        },
        {
            "type": "Feature",
            "properties": {
                "tile_id": "R2_C16",
                "left": -3041000,
                "top": 8000000,
                "right": -2041000,
                "bottom": 7000000
            },
            "geometry": {
                "type": "Polygon",
                "coordinates": [
                    [
                        [
                            -3041000.0,
                            8000000.0
                        ],
                        [
                            -2041000.0,
                            8000000.0
                        ],
                        [
                            -2041000.0,
                            7000000.0
                        ],
                        [
                            -3041000.0,
                            7000000.0
                        ],
                        [
                            -3041000.0,
                            8000000.0
                        ]
                    ]
                ]
            }
        },
        {
            "type": "Feature",
            "properties": {
                "tile_id": "R2_C17",
                "left": -2041000,
                "top": 8000000,
                "right": -1041000,
                "bottom": 7000000
            },
            "geometry": {
                "type": "Polygon",
                "coordinates": [
                    [
                        [
                            -2041000.0,
                            8000000.0
                        ],
                        [
                            -1041000.0,
                            8000000.0
                        ],
                        [
                            -1041000.0,
                            7000000.0
                        ],
                        [
                            -2041000.0,
                            7000000.0
                        ],
                        [
                            -2041000.0,
                            8000000.0
                        ]
                    ]
                ]
            }
        },
        {
            "type": "Feature",
            "properties": {
                "tile_id": "R2_C18",
                "left": -1041000,
                "top": 8000000,
                "right": -41000,
                "bottom": 7000000
            },
            "geometry": {
                "type": "Polygon",
                "coordinates": [
                    [
                        [
                            -1041000.0,
                            8000000.0
                        ],
                        [
                            -41000.0,
                            8000000.0
                        ],
                        [
                            -41000.0,
                            7000000.0
                        ],
                        [
                            -1041000.0,
                            7000000.0
                        ],
                        [
                            -1041000.0,
                            8000000.0
                        ]
                    ]
                ]
            }
        },
        {
            "type": "Feature",
            "properties": {
                "tile_id": "R2_C19",
                "left": -41000,
                "top": 8000000,
                "right": 959000,
                "bottom": 7000000
            },
            "geometry": {
                "type": "Polygon",
                "coordinates": [
                    [
                        [
                            -41000.0,
                            8000000.0
                        ],
                        [
                            959000.0,
                            8000000.0
                        ],
                        [
                            959000.0,
                            7000000.0
                        ],
                        [
                            -41000.0,
                            7000000.0
                        ],
                        [
                            -41000.0,
                            8000000.0
                        ]
                    ]
                ]
            }
        },
        {
            "type": "Feature",
            "properties": {
                "tile_id": "R2_C20",
                "left": 959000,
                "top": 8000000,
                "right": 1959000,
                "bottom": 7000000
            },
            "geometry": {
                "type": "Polygon",
                "coordinates": [
                    [
                        [
                            959000.0,
                            8000000.0
                        ],
                        [
                            1959000.0,
                            8000000.0
                        ],
                        [
                            1959000.0,
                            7000000.0
                        ],
                        [
                            959000.0,
                            7000000.0
                        ],
                        [
                            959000.0,
                            8000000.0
                        ]
                    ]
                ]
            }
        },
        {
            "type": "Feature",
            "properties": {
                "tile_id": "R2_C21",
                "left": 1959000,
                "top": 8000000,
                "right": 2959000,
                "bottom": 7000000
            },
            "geometry": {
                "type": "Polygon",
                "coordinates": [
                    [
                        [
                            1959000.0,
                            8000000.0
                        ],
                        [
                            2959000.0,
                            8000000.0
                        ],
                        [
                            2959000.0,
                            7000000.0
                        ],
                        [
                            1959000.0,
                            7000000.0
                        ],
                        [
                            1959000.0,
                            8000000.0
                        ]
                    ]
                ]
            }
        },
        {
            "type": "Feature",
            "properties": {
                "tile_id": "R2_C22",
                "left": 2959000,
                "top": 8000000,
                "right": 3959000,
                "bottom": 7000000
            },
            "geometry": {
                "type": "Polygon",
                "coordinates": [
                    [
                        [
                            2959000.0,
                            8000000.0
                        ],
                        [
                            3959000.0,
                            8000000.0
                        ],
                        [
                            3959000.0,
                            7000000.0
                        ],
                        [
                            2959000.0,
                            7000000.0
                        ],
                        [
                            2959000.0,
                            8000000.0
                        ]
                    ]
                ]
            }
        },
        {
            "type": "Feature",
            "properties": {
                "tile_id": "R2_C23",
                "left": 3959000,
                "top": 8000000,
                "right": 4959000,
                "bottom": 7000000
            },
            "geometry": {
                "type": "Polygon",
                "coordinates": [
                    [
                        [
                            3959000.0,
                            8000000.0
                        ],
                        [
                            4959000.0,
                            8000000.0
                        ],
                        [
                            4959000.0,
                            7000000.0
                        ],
                        [
                            3959000.0,
                            7000000.0
                        ],
                        [
                            3959000.0,
                            8000000.0
                        ]
                    ]
                ]
            }
        },
        {
            "type": "Feature",
            "properties": {
                "tile_id": "R2_C24",
                "left": 4959000,
                "top": 8000000,
                "right": 5959000,
                "bottom": 7000000
            },
            "geometry": {
                "type": "Polygon",
                "coordinates": [
                    [
                        [
                            4959000.0,
                            8000000.0
                        ],
                        [
                            5959000.0,
                            8000000.0
                        ],
                        [
                            5959000.0,
                            7000000.0
                        ],
                        [
                            4959000.0,
                            7000000.0
                        ],
                        [
                            4959000.0,
                            8000000.0
                        ]
                    ]
                ]
            }
        },
        {
            "type": "Feature",
            "properties": {
                "tile_id": "R2_C25",
                "left": 5959000,
                "top": 8000000,
                "right": 6959000,
                "bottom": 7000000
            },
            "geometry": {
                "type": "Polygon",
                "coordinates": [
                    [
                        [
                            5959000.0,
                            8000000.0
                        ],
                        [
                            6959000.0,
                            8000000.0
                        ],
                        [
                            6959000.0,
                            7000000.0
                        ],
                        [
                            5959000.0,
                            7000000.0
                        ],
                        [
                            5959000.0,
                            8000000.0
                        ]
                    ]
                ]
            }
        },
        {
            "type": "Feature",
            "properties": {
                "tile_id": "R2_C26",
                "left": 6959000,
                "top": 8000000,
                "right": 7959000,
                "bottom": 7000000
            },
            "geometry": {
                "type": "Polygon",
                "coordinates": [
                    [
                        [
                            6959000.0,
                            8000000.0
                        ],
                        [
                            7959000.0,
                            8000000.0
                        ],
                        [
                            7959000.0,
                            7000000.0
                        ],
                        [
                            6959000.0,
                            7000000.0
                        ],
                        [
                            6959000.0,
                            8000000.0
                        ]
                    ]
                ]
            }
        },
        {
            "type": "Feature",
            "properties": {
                "tile_id": "R2_C27",
                "left": 7959000,
                "top": 8000000,
                "right": 8959000,
                "bottom": 7000000
            },
            "geometry": {
                "type": "Polygon",
                "coordinates": [
                    [
                        [
                            7959000.0,
                            8000000.0
                        ],
                        [
                            8959000.0,
                            8000000.0
                        ],
                        [
                            8959000.0,
                            7000000.0
                        ],
                        [
                            7959000.0,
                            7000000.0
                        ],
                        [
                            7959000.0,
                            8000000.0
                        ]
                    ]
                ]
            }
        },
        {
            "type": "Feature",
            "properties": {
                "tile_id": "R2_C28",
                "left": 8959000,
                "top": 8000000,
                "right": 9959000,
                "bottom": 7000000
            },
            "geometry": {
                "type": "Polygon",
                "coordinates": [
                    [
                        [
                            8959000.0,
                            8000000.0
                        ],
                        [
                            9959000.0,
                            8000000.0
                        ],
                        [
                            9959000.0,
                            7000000.0
                        ],
                        [
                            8959000.0,
                            7000000.0
                        ],
                        [
                            8959000.0,
                            8000000.0
                        ]
                    ]
                ]
            }
        },
        {
            "type": "Feature",
            "properties": {
                "tile_id": "R2_C29",
                "left": 9959000,
                "top": 8000000,
                "right": 10959000,
                "bottom": 7000000
            },
            "geometry": {
                "type": "Polygon",
                "coordinates": [
                    [
                        [
                            9959000.0,
                            8000000.0
                        ],
                        [
                            10959000.0,
                            8000000.0
                        ],
                        [
                            10959000.0,
                            7000000.0
                        ],
                        [
                            9959000.0,
                            7000000.0
                        ],
                        [
                            9959000.0,
                            8000000.0
                        ]
                    ]
                ]
            }
        },
        {
            "type": "Feature",
            "properties": {
                "tile_id": "R2_C30",
                "left": 10959000,
                "top": 8000000,
                "right": 11959000,
                "bottom": 7000000
            },
            "geometry": {
                "type": "Polygon",
                "coordinates": [
                    [
                        [
                            10959000.0,
                            8000000.0
                        ],
                        [
                            11959000.0,
                            8000000.0
                        ],
                        [
                            11959000.0,
                            7000000.0
                        ],
                        [
                            10959000.0,
                            7000000.0
                        ],
                        [
                            10959000.0,
                            8000000.0
                        ]
                    ]
                ]
            }
        },
        {
            "type": "Feature",
            "properties": {
                "tile_id": "R2_C8",
                "left": -11041000,
                "top": 8000000,
                "right": -10041000,
                "bottom": 7000000
            },
            "geometry": {
                "type": "Polygon",
                "coordinates": [
                    [
                        [
                            -11041000.0,
                            8000000.0
                        ],
                        [
                            -10041000.0,
                            8000000.0
                        ],
                        [
                            -10041000.0,
                            7000000.0
                        ],
                        [
                            -11041000.0,
                            7000000.0
                        ],
                        [
                            -11041000.0,
                            8000000.0
                        ]
                    ]
                ]
            }
        },
        {
            "type": "Feature",
            "properties": {
                "tile_id": "R2_C9",
                "left": -10041000,
                "top": 8000000,
                "right": -9041000,
                "bottom": 7000000
            },
            "geometry": {
                "type": "Polygon",
                "coordinates": [
                    [
                        [
                            -10041000.0,
                            8000000.0
                        ],
                        [
                            -9041000.0,
                            8000000.0
                        ],
                        [
                            -9041000.0,
                            7000000.0
                        ],
                        [
                            -10041000.0,
                            7000000.0
                        ],
                        [
                            -10041000.0,
                            8000000.0
                        ]
                    ]
                ]
            }
        },
        {
            "type": "Feature",
            "properties": {
                "tile_id": "R3_C10",
                "left": -9041000,
                "top": 7000000,
                "right": -8041000,
                "bottom": 6000000
            },
            "geometry": {
                "type": "Polygon",
                "coordinates": [
                    [
                        [
                            -9041000.0,
                            7000000.0
                        ],
                        [
                            -8041000.0,
                            7000000.0
                        ],
                        [
                            -8041000.0,
                            6000000.0
                        ],
                        [
                            -9041000.0,
                            6000000.0
                        ],
                        [
                            -9041000.0,
                            7000000.0
                        ]
                    ]
                ]
            }
        },
        {
            "type": "Feature",
            "properties": {
                "tile_id": "R3_C11",
                "left": -8041000,
                "top": 7000000,
                "right": -7041000,
                "bottom": 6000000
            },
            "geometry": {
                "type": "Polygon",
                "coordinates": [
                    [
                        [
                            -8041000.0,
                            7000000.0
                        ],
                        [
                            -7041000.0,
                            7000000.0
                        ],
                        [
                            -7041000.0,
                            6000000.0
                        ],
                        [
                            -8041000.0,
                            6000000.0
                        ],
                        [
                            -8041000.0,
                            7000000.0
                        ]
                    ]
                ]
            }
        },
        {
            "type": "Feature",
            "properties": {
                "tile_id": "R3_C12",
                "left": -7041000,
                "top": 7000000,
                "right": -6041000,
                "bottom": 6000000
            },
            "geometry": {
                "type": "Polygon",
                "coordinates": [
                    [
                        [
                            -7041000.0,
                            7000000.0
                        ],
                        [
                            -6041000.0,
                            7000000.0
                        ],
                        [
                            -6041000.0,
                            6000000.0
                        ],
                        [
                            -7041000.0,
                            6000000.0
                        ],
                        [
                            -7041000.0,
                            7000000.0
                        ]
                    ]
                ]
            }
        },
        {
            "type": "Feature",
            "properties": {
                "tile_id": "R3_C13",
                "left": -6041000,
                "top": 7000000,
                "right": -5041000,
                "bottom": 6000000
            },
            "geometry": {
                "type": "Polygon",
                "coordinates": [
                    [
                        [
                            -6041000.0,
                            7000000.0
                        ],
                        [
                            -5041000.0,
                            7000000.0
                        ],
                        [
                            -5041000.0,
                            6000000.0
                        ],
                        [
                            -6041000.0,
                            6000000.0
                        ],
                        [
                            -6041000.0,
                            7000000.0
                        ]
                    ]
                ]
            }
        },
        {
            "type": "Feature",
            "properties": {
                "tile_id": "R3_C14",
                "left": -5041000,
                "top": 7000000,
                "right": -4041000,
                "bottom": 6000000
            },
            "geometry": {
                "type": "Polygon",
                "coordinates": [
                    [
                        [
                            -5041000.0,
                            7000000.0
                        ],
                        [
                            -4041000.0,
                            7000000.0
                        ],
                        [
                            -4041000.0,
                            6000000.0
                        ],
                        [
                            -5041000.0,
                            6000000.0
                        ],
                        [
                            -5041000.0,
                            7000000.0
                        ]
                    ]
                ]
            }
        },
        {
            "type": "Feature",
            "properties": {
                "tile_id": "R3_C15",
                "left": -4041000,
                "top": 7000000,
                "right": -3041000,
                "bottom": 6000000
            },
            "geometry": {
                "type": "Polygon",
                "coordinates": [
                    [
                        [
                            -4041000.0,
                            7000000.0
                        ],
                        [
                            -3041000.0,
                            7000000.0
                        ],
                        [
                            -3041000.0,
                            6000000.0
                        ],
                        [
                            -4041000.0,
                            6000000.0
                        ],
                        [
                            -4041000.0,
                            7000000.0
                        ]
                    ]
                ]
            }
        },
        {
            "type": "Feature",
            "properties": {
                "tile_id": "R3_C16",
                "left": -3041000,
                "top": 7000000,
                "right": -2041000,
                "bottom": 6000000
            },
            "geometry": {
                "type": "Polygon",
                "coordinates": [
                    [
                        [
                            -3041000.0,
                            7000000.0
                        ],
                        [
                            -2041000.0,
                            7000000.0
                        ],
                        [
                            -2041000.0,
                            6000000.0
                        ],
                        [
                            -3041000.0,
                            6000000.0
                        ],
                        [
                            -3041000.0,
                            7000000.0
                        ]
                    ]
                ]
            }
        },
        {
            "type": "Feature",
            "properties": {
                "tile_id": "R3_C18",
                "left": -1041000,
                "top": 7000000,
                "right": -41000,
                "bottom": 6000000
            },
            "geometry": {
                "type": "Polygon",
                "coordinates": [
                    [
                        [
                            -1041000.0,
                            7000000.0
                        ],
                        [
                            -41000.0,
                            7000000.0
                        ],
                        [
                            -41000.0,
                            6000000.0
                        ],
                        [
                            -1041000.0,
                            6000000.0
                        ],
                        [
                            -1041000.0,
                            7000000.0
                        ]
                    ]
                ]
            }
        },
        {
            "type": "Feature",
            "properties": {
                "tile_id": "R3_C19",
                "left": -41000,
                "top": 7000000,
                "right": 959000,
                "bottom": 6000000
            },
            "geometry": {
                "type": "Polygon",
                "coordinates": [
                    [
                        [
                            -41000.0,
                            7000000.0
                        ],
                        [
                            959000.0,
                            7000000.0
                        ],
                        [
                            959000.0,
                            6000000.0
                        ],
                        [
                            -41000.0,
                            6000000.0
                        ],
                        [
                            -41000.0,
                            7000000.0
                        ]
                    ]
                ]
            }
        },
        {
            "type": "Feature",
            "properties": {
                "tile_id": "R3_C20",
                "left": 959000,
                "top": 7000000,
                "right": 1959000,
                "bottom": 6000000
            },
            "geometry": {
                "type": "Polygon",
                "coordinates": [
                    [
                        [
                            959000.0,
                            7000000.0
                        ],
                        [
                            1959000.0,
                            7000000.0
                        ],
                        [
                            1959000.0,
                            6000000.0
                        ],
                        [
                            959000.0,
                            6000000.0
                        ],
                        [
                            959000.0,
                            7000000.0
                        ]
                    ]
                ]
            }
        },
        {
            "type": "Feature",
            "properties": {
                "tile_id": "R3_C21",
                "left": 1959000,
                "top": 7000000,
                "right": 2959000,
                "bottom": 6000000
            },
            "geometry": {
                "type": "Polygon",
                "coordinates": [
                    [
                        [
                            1959000.0,
                            7000000.0
                        ],
                        [
                            2959000.0,
                            7000000.0
                        ],
                        [
                            2959000.0,
                            6000000.0
                        ],
                        [
                            1959000.0,
                            6000000.0
                        ],
                        [
                            1959000.0,
                            7000000.0
                        ]
                    ]
                ]
            }
        },
        {
            "type": "Feature",
            "properties": {
                "tile_id": "R3_C22",
                "left": 2959000,
                "top": 7000000,
                "right": 3959000,
                "bottom": 6000000
            },
            "geometry": {
                "type": "Polygon",
                "coordinates": [
                    [
                        [
                            2959000.0,
                            7000000.0
                        ],
                        [
                            3959000.0,
                            7000000.0
                        ],
                        [
                            3959000.0,
                            6000000.0
                        ],
                        [
                            2959000.0,
                            6000000.0
                        ],
                        [
                            2959000.0,
                            7000000.0
                        ]
                    ]
                ]
            }
        },
        {
            "type": "Feature",
            "properties": {
                "tile_id": "R3_C23",
                "left": 3959000,
                "top": 7000000,
                "right": 4959000,
                "bottom": 6000000
            },
            "geometry": {
                "type": "Polygon",
                "coordinates": [
                    [
                        [
                            3959000.0,
                            7000000.0
                        ],
                        [
                            4959000.0,
                            7000000.0
                        ],
                        [
                            4959000.0,
                            6000000.0
                        ],
                        [
                            3959000.0,
                            6000000.0
                        ],
                        [
                            3959000.0,
                            7000000.0
                        ]
                    ]
                ]
            }
        },
        {
            "type": "Feature",
            "properties": {
                "tile_id": "R3_C24",
                "left": 4959000,
                "top": 7000000,
                "right": 5959000,
                "bottom": 6000000
            },
            "geometry": {
                "type": "Polygon",
                "coordinates": [
                    [
                        [
                            4959000.0,
                            7000000.0
                        ],
                        [
                            5959000.0,
                            7000000.0
                        ],
                        [
                            5959000.0,
                            6000000.0
                        ],
                        [
                            4959000.0,
                            6000000.0
                        ],
                        [
                            4959000.0,
                            7000000.0
                        ]
                    ]
                ]
            }
        },
        {
            "type": "Feature",
            "properties": {
                "tile_id": "R3_C25",
                "left": 5959000,
                "top": 7000000,
                "right": 6959000,
                "bottom": 6000000
            },
            "geometry": {
                "type": "Polygon",
                "coordinates": [
                    [
                        [
                            5959000.0,
                            7000000.0
                        ],
                        [
                            6959000.0,
                            7000000.0
                        ],
                        [
                            6959000.0,
                            6000000.0
                        ],
                        [
                            5959000.0,
                            6000000.0
                        ],
                        [
                            5959000.0,
                            7000000.0
                        ]
                    ]
                ]
            }
        },
        {
            "type": "Feature",
            "properties": {
                "tile_id": "R3_C26",
                "left": 6959000,
                "top": 7000000,
                "right": 7959000,
                "bottom": 6000000
            },
            "geometry": {
                "type": "Polygon",
                "coordinates": [
                    [
                        [
                            6959000.0,
                            7000000.0
                        ],
                        [
                            7959000.0,
                            7000000.0
                        ],
                        [
                            7959000.0,
                            6000000.0
                        ],
                        [
                            6959000.0,
                            6000000.0
                        ],
                        [
                            6959000.0,
                            7000000.0
                        ]
                    ]
                ]
            }
        },
        {
            "type": "Feature",
            "properties": {
                "tile_id": "R3_C27",
                "left": 7959000,
                "top": 7000000,
                "right": 8959000,
                "bottom": 6000000
            },
            "geometry": {
                "type": "Polygon",
                "coordinates": [
                    [
                        [
                            7959000.0,
                            7000000.0
                        ],
                        [
                            8959000.0,
                            7000000.0
                        ],
                        [
                            8959000.0,
                            6000000.0
                        ],
                        [
                            7959000.0,
                            6000000.0
                        ],
                        [
                            7959000.0,
                            7000000.0
                        ]
                    ]
                ]
            }
        },
        {
            "type": "Feature",
            "properties": {
                "tile_id": "R3_C28",
                "left": 8959000,
                "top": 7000000,
                "right": 9959000,
                "bottom": 6000000
            },
            "geometry": {
                "type": "Polygon",
                "coordinates": [
                    [
                        [
                            8959000.0,
                            7000000.0
                        ],
                        [
                            9959000.0,
                            7000000.0
                        ],
                        [
                            9959000.0,
                            6000000.0
                        ],
                        [
                            8959000.0,
                            6000000.0
                        ],
                        [
                            8959000.0,
                            7000000.0
                        ]
                    ]
                ]
            }
        },
        {
            "type": "Feature",
            "properties": {
                "tile_id": "R3_C29",
                "left": 9959000,
                "top": 7000000,
                "right": 10959000,
                "bottom": 6000000
            },
            "geometry": {
                "type": "Polygon",
                "coordinates": [
                    [
                        [
                            9959000.0,
                            7000000.0
                        ],
                        [
                            10959000.0,
                            7000000.0
                        ],
                        [
                            10959000.0,
                            6000000.0
                        ],
                        [
                            9959000.0,
                            6000000.0
                        ],
                        [
                            9959000.0,
                            7000000.0
                        ]
                    ]
                ]
            }
        },
        {
            "type": "Feature",
            "properties": {
                "tile_id": "R3_C30",
                "left": 10959000,
                "top": 7000000,
                "right": 11959000,
                "bottom": 6000000
            },
            "geometry": {
                "type": "Polygon",
                "coordinates": [
                    [
                        [
                            10959000.0,
                            7000000.0
                        ],
                        [
                            11959000.0,
                            7000000.0
                        ],
                        [
                            11959000.0,
                            6000000.0
                        ],
                        [
                            10959000.0,
                            6000000.0
                        ],
                        [
                            10959000.0,
                            7000000.0
                        ]
                    ]
                ]
            }
        },
        {
            "type": "Feature",
            "properties": {
                "tile_id": "R3_C31",
                "left": 11959000,
                "top": 7000000,
                "right": 12959000,
                "bottom": 6000000
            },
            "geometry": {
                "type": "Polygon",
                "coordinates": [
                    [
                        [
                            11959000.0,
                            7000000.0
                        ],
                        [
                            12959000.0,
                            7000000.0
                        ],
                        [
                            12959000.0,
                            6000000.0
                        ],
                        [
                            11959000.0,
                            6000000.0
                        ],
                        [
                            11959000.0,
                            7000000.0
                        ]
                    ]
                ]
            }
        },
        {
            "type": "Feature",
            "properties": {
                "tile_id": "R3_C32",
                "left": 12959000,
                "top": 7000000,
                "right": 13959000,
                "bottom": 6000000
            },
            "geometry": {
                "type": "Polygon",
                "coordinates": [
                    [
                        [
                            12959000.0,
                            7000000.0
                        ],
                        [
                            13959000.0,
                            7000000.0
                        ],
                        [
                            13959000.0,
                            6000000.0
                        ],
                        [
                            12959000.0,
                            6000000.0
                        ],
                        [
                            12959000.0,
                            7000000.0
                        ]
                    ]
                ]
            }
        },
        {
            "type": "Feature",
            "properties": {
                "tile_id": "R3_C5",
                "left": -14041000,
                "top": 7000000,
                "right": -13041000,
                "bottom": 6000000
            },
            "geometry": {
                "type": "Polygon",
                "coordinates": [
                    [
                        [
                            -14041000.0,
                            7000000.0
                        ],
                        [
                            -13041000.0,
                            7000000.0
                        ],
                        [
                            -13041000.0,
                            6000000.0
                        ],
                        [
                            -14041000.0,
                            6000000.0
                        ],
                        [
                            -14041000.0,
                            7000000.0
                        ]
                    ]
                ]
            }
        },
        {
            "type": "Feature",
            "properties": {
                "tile_id": "R3_C6",
                "left": -13041000,
                "top": 7000000,
                "right": -12041000,
                "bottom": 6000000
            },
            "geometry": {
                "type": "Polygon",
                "coordinates": [
                    [
                        [
                            -13041000.0,
                            7000000.0
                        ],
                        [
                            -12041000.0,
                            7000000.0
                        ],
                        [
                            -12041000.0,
                            6000000.0
                        ],
                        [
                            -13041000.0,
                            6000000.0
                        ],
                        [
                            -13041000.0,
                            7000000.0
                        ]
                    ]
                ]
            }
        },
        {
            "type": "Feature",
            "properties": {
                "tile_id": "R3_C7",
                "left": -12041000,
                "top": 7000000,
                "right": -11041000,
                "bottom": 6000000
            },
            "geometry": {
                "type": "Polygon",
                "coordinates": [
                    [
                        [
                            -12041000.0,
                            7000000.0
                        ],
                        [
                            -11041000.0,
                            7000000.0
                        ],
                        [
                            -11041000.0,
                            6000000.0
                        ],
                        [
                            -12041000.0,
                            6000000.0
                        ],
                        [
                            -12041000.0,
                            7000000.0
                        ]
                    ]
                ]
            }
        },
        {
            "type": "Feature",
            "properties": {
                "tile_id": "R3_C8",
                "left": -11041000,
                "top": 7000000,
                "right": -10041000,
                "bottom": 6000000
            },
            "geometry": {
                "type": "Polygon",
                "coordinates": [
                    [
                        [
                            -11041000.0,
                            7000000.0
                        ],
                        [
                            -10041000.0,
                            7000000.0
                        ],
                        [
                            -10041000.0,
                            6000000.0
                        ],
                        [
                            -11041000.0,
                            6000000.0
                        ],
                        [
                            -11041000.0,
                            7000000.0
                        ]
                    ]
                ]
            }
        },
        {
            "type": "Feature",
            "properties": {
                "tile_id": "R3_C9",
                "left": -10041000,
                "top": 7000000,
                "right": -9041000,
                "bottom": 6000000
            },
            "geometry": {
                "type": "Polygon",
                "coordinates": [
                    [
                        [
                            -10041000.0,
                            7000000.0
                        ],
                        [
                            -9041000.0,
                            7000000.0
                        ],
                        [
                            -9041000.0,
                            6000000.0
                        ],
                        [
                            -10041000.0,
                            6000000.0
                        ],
                        [
                            -10041000.0,
                            7000000.0
                        ]
                    ]
                ]
            }
        },
        {
            "type": "Feature",
            "properties": {
                "tile_id": "R4_C10",
                "left": -9041000,
                "top": 6000000,
                "right": -8041000,
                "bottom": 5000000
            },
            "geometry": {
                "type": "Polygon",
                "coordinates": [
                    [
                        [
                            -9041000.0,
                            6000000.0
                        ],
                        [
                            -8041000.0,
                            6000000.0
                        ],
                        [
                            -8041000.0,
                            5000000.0
                        ],
                        [
                            -9041000.0,
                            5000000.0
                        ],
                        [
                            -9041000.0,
                            6000000.0
                        ]
                    ]
                ]
            }
        },
        {
            "type": "Feature",
            "properties": {
                "tile_id": "R4_C11",
                "left": -8041000,
                "top": 6000000,
                "right": -7041000,
                "bottom": 5000000
            },
            "geometry": {
                "type": "Polygon",
                "coordinates": [
                    [
                        [
                            -8041000.0,
                            6000000.0
                        ],
                        [
                            -7041000.0,
                            6000000.0
                        ],
                        [
                            -7041000.0,
                            5000000.0
                        ],
                        [
                            -8041000.0,
                            5000000.0
                        ],
                        [
                            -8041000.0,
                            6000000.0
                        ]
                    ]
                ]
            }
        },
        {
            "type": "Feature",
            "properties": {
                "tile_id": "R4_C12",
                "left": -7041000,
                "top": 6000000,
                "right": -6041000,
                "bottom": 5000000
            },
            "geometry": {
                "type": "Polygon",
                "coordinates": [
                    [
                        [
                            -7041000.0,
                            6000000.0
                        ],
                        [
                            -6041000.0,
                            6000000.0
                        ],
                        [
                            -6041000.0,
                            5000000.0
                        ],
                        [
                            -7041000.0,
                            5000000.0
                        ],
                        [
                            -7041000.0,
                            6000000.0
                        ]
                    ]
                ]
            }
        },
        {
            "type": "Feature",
            "properties": {
                "tile_id": "R4_C13",
                "left": -6041000,
                "top": 6000000,
                "right": -5041000,
                "bottom": 5000000
            },
            "geometry": {
                "type": "Polygon",
                "coordinates": [
                    [
                        [
                            -6041000.0,
                            6000000.0
                        ],
                        [
                            -5041000.0,
                            6000000.0
                        ],
                        [
                            -5041000.0,
                            5000000.0
                        ],
                        [
                            -6041000.0,
                            5000000.0
                        ],
                        [
                            -6041000.0,
                            6000000.0
                        ]
                    ]
                ]
            }
        },
        {
            "type": "Feature",
            "properties": {
                "tile_id": "R4_C14",
                "left": -5041000,
                "top": 6000000,
                "right": -4041000,
                "bottom": 5000000
            },
            "geometry": {
                "type": "Polygon",
                "coordinates": [
                    [
                        [
                            -5041000.0,
                            6000000.0
                        ],
                        [
                            -4041000.0,
                            6000000.0
                        ],
                        [
                            -4041000.0,
                            5000000.0
                        ],
                        [
                            -5041000.0,
                            5000000.0
                        ],
                        [
                            -5041000.0,
                            6000000.0
                        ]
                    ]
                ]
            }
        },
        {
            "type": "Feature",
            "properties": {
                "tile_id": "R4_C18",
                "left": -1041000,
                "top": 6000000,
                "right": -41000,
                "bottom": 5000000
            },
            "geometry": {
                "type": "Polygon",
                "coordinates": [
                    [
                        [
                            -1041000.0,
                            6000000.0
                        ],
                        [
                            -41000.0,
                            6000000.0
                        ],
                        [
                            -41000.0,
                            5000000.0
                        ],
                        [
                            -1041000.0,
                            5000000.0
                        ],
                        [
                            -1041000.0,
                            6000000.0
                        ]
                    ]
                ]
            }
        },
        {
            "type": "Feature",
            "properties": {
                "tile_id": "R4_C19",
                "left": -41000,
                "top": 6000000,
                "right": 959000,
                "bottom": 5000000
            },
            "geometry": {
                "type": "Polygon",
                "coordinates": [
                    [
                        [
                            -41000.0,
                            6000000.0
                        ],
                        [
                            959000.0,
                            6000000.0
                        ],
                        [
                            959000.0,
                            5000000.0
                        ],
                        [
                            -41000.0,
                            5000000.0
                        ],
                        [
                            -41000.0,
                            6000000.0
                        ]
                    ]
                ]
            }
        },
        {
            "type": "Feature",
            "properties": {
                "tile_id": "R4_C20",
                "left": 959000,
                "top": 6000000,
                "right": 1959000,
                "bottom": 5000000
            },
            "geometry": {
                "type": "Polygon",
                "coordinates": [
                    [
                        [
                            959000.0,
                            6000000.0
                        ],
                        [
                            1959000.0,
                            6000000.0
                        ],
                        [
                            1959000.0,
                            5000000.0
                        ],
                        [
                            959000.0,
                            5000000.0
                        ],
                        [
                            959000.0,
                            6000000.0
                        ]
                    ]
                ]
            }
        },
        {
            "type": "Feature",
            "properties": {
                "tile_id": "R4_C21",
                "left": 1959000,
                "top": 6000000,
                "right": 2959000,
                "bottom": 5000000
            },
            "geometry": {
                "type": "Polygon",
                "coordinates": [
                    [
                        [
                            1959000.0,
                            6000000.0
                        ],
                        [
                            2959000.0,
                            6000000.0
                        ],
                        [
                            2959000.0,
                            5000000.0
                        ],
                        [
                            1959000.0,
                            5000000.0
                        ],
                        [
                            1959000.0,
                            6000000.0
                        ]
                    ]
                ]
            }
        },
        {
            "type": "Feature",
            "properties": {
                "tile_id": "R4_C22",
                "left": 2959000,
                "top": 6000000,
                "right": 3959000,
                "bottom": 5000000
            },
            "geometry": {
                "type": "Polygon",
                "coordinates": [
                    [
                        [
                            2959000.0,
                            6000000.0
                        ],
                        [
                            3959000.0,
                            6000000.0
                        ],
                        [
                            3959000.0,
                            5000000.0
                        ],
                        [
                            2959000.0,
                            5000000.0
                        ],
                        [
                            2959000.0,
                            6000000.0
                        ]
                    ]
                ]
            }
        },
        {
            "type": "Feature",
            "properties": {
                "tile_id": "R4_C23",
                "left": 3959000,
                "top": 6000000,
                "right": 4959000,
                "bottom": 5000000
            },
            "geometry": {
                "type": "Polygon",
                "coordinates": [
                    [
                        [
                            3959000.0,
                            6000000.0
                        ],
                        [
                            4959000.0,
                            6000000.0
                        ],
                        [
                            4959000.0,
                            5000000.0
                        ],
                        [
                            3959000.0,
                            5000000.0
                        ],
                        [
                            3959000.0,
                            6000000.0
                        ]
                    ]
                ]
            }
        },
        {
            "type": "Feature",
            "properties": {
                "tile_id": "R4_C24",
                "left": 4959000,
                "top": 6000000,
                "right": 5959000,
                "bottom": 5000000
            },
            "geometry": {
                "type": "Polygon",
                "coordinates": [
                    [
                        [
                            4959000.0,
                            6000000.0
                        ],
                        [
                            5959000.0,
                            6000000.0
                        ],
                        [
                            5959000.0,
                            5000000.0
                        ],
                        [
                            4959000.0,
                            5000000.0
                        ],
                        [
                            4959000.0,
                            6000000.0
                        ]
                    ]
                ]
            }
        },
        {
            "type": "Feature",
            "properties": {
                "tile_id": "R4_C25",
                "left": 5959000,
                "top": 6000000,
                "right": 6959000,
                "bottom": 5000000
            },
            "geometry": {
                "type": "Polygon",
                "coordinates": [
                    [
                        [
                            5959000.0,
                            6000000.0
                        ],
                        [
                            6959000.0,
                            6000000.0
                        ],
                        [
                            6959000.0,
                            5000000.0
                        ],
                        [
                            5959000.0,
                            5000000.0
                        ],
                        [
                            5959000.0,
                            6000000.0
                        ]
                    ]
                ]
            }
        },
        {
            "type": "Feature",
            "properties": {
                "tile_id": "R4_C26",
                "left": 6959000,
                "top": 6000000,
                "right": 7959000,
                "bottom": 5000000
            },
            "geometry": {
                "type": "Polygon",
                "coordinates": [
                    [
                        [
                            6959000.0,
                            6000000.0
                        ],
                        [
                            7959000.0,
                            6000000.0
                        ],
                        [
                            7959000.0,
                            5000000.0
                        ],
                        [
                            6959000.0,
                            5000000.0
                        ],
                        [
                            6959000.0,
                            6000000.0
                        ]
                    ]
                ]
            }
        },
        {
            "type": "Feature",
            "properties": {
                "tile_id": "R4_C27",
                "left": 7959000,
                "top": 6000000,
                "right": 8959000,
                "bottom": 5000000
            },
            "geometry": {
                "type": "Polygon",
                "coordinates": [
                    [
                        [
                            7959000.0,
                            6000000.0
                        ],
                        [
                            8959000.0,
                            6000000.0
                        ],
                        [
                            8959000.0,
                            5000000.0
                        ],
                        [
                            7959000.0,
                            5000000.0
                        ],
                        [
                            7959000.0,
                            6000000.0
                        ]
                    ]
                ]
            }
        },
        {
            "type": "Feature",
            "properties": {
                "tile_id": "R4_C28",
                "left": 8959000,
                "top": 6000000,
                "right": 9959000,
                "bottom": 5000000
            },
            "geometry": {
                "type": "Polygon",
                "coordinates": [
                    [
                        [
                            8959000.0,
                            6000000.0
                        ],
                        [
                            9959000.0,
                            6000000.0
                        ],
                        [
                            9959000.0,
                            5000000.0
                        ],
                        [
                            8959000.0,
                            5000000.0
                        ],
                        [
                            8959000.0,
                            6000000.0
                        ]
                    ]
                ]
            }
        },
        {
            "type": "Feature",
            "properties": {
                "tile_id": "R4_C29",
                "left": 9959000,
                "top": 6000000,
                "right": 10959000,
                "bottom": 5000000
            },
            "geometry": {
                "type": "Polygon",
                "coordinates": [
                    [
                        [
                            9959000.0,
                            6000000.0
                        ],
                        [
                            10959000.0,
                            6000000.0
                        ],
                        [
                            10959000.0,
                            5000000.0
                        ],
                        [
                            9959000.0,
                            5000000.0
                        ],
                        [
                            9959000.0,
                            6000000.0
                        ]
                    ]
                ]
            }
        },
        {
            "type": "Feature",
            "properties": {
                "tile_id": "R4_C30",
                "left": 10959000,
                "top": 6000000,
                "right": 11959000,
                "bottom": 5000000
            },
            "geometry": {
                "type": "Polygon",
                "coordinates": [
                    [
                        [
                            10959000.0,
                            6000000.0
                        ],
                        [
                            11959000.0,
                            6000000.0
                        ],
                        [
                            11959000.0,
                            5000000.0
                        ],
                        [
                            10959000.0,
                            5000000.0
                        ],
                        [
                            10959000.0,
                            6000000.0
                        ]
                    ]
                ]
            }
        },
        {
            "type": "Feature",
            "properties": {
                "tile_id": "R4_C31",
                "left": 11959000,
                "top": 6000000,
                "right": 12959000,
                "bottom": 5000000
            },
            "geometry": {
                "type": "Polygon",
                "coordinates": [
                    [
                        [
                            11959000.0,
                            6000000.0
                        ],
                        [
                            12959000.0,
                            6000000.0
                        ],
                        [
                            12959000.0,
                            5000000.0
                        ],
                        [
                            11959000.0,
                            5000000.0
                        ],
                        [
                            11959000.0,
                            6000000.0
                        ]
                    ]
                ]
            }
        },
        {
            "type": "Feature",
            "properties": {
                "tile_id": "R4_C8",
                "left": -11041000,
                "top": 6000000,
                "right": -10041000,
                "bottom": 5000000
            },
            "geometry": {
                "type": "Polygon",
                "coordinates": [
                    [
                        [
                            -11041000.0,
                            6000000.0
                        ],
                        [
                            -10041000.0,
                            6000000.0
                        ],
                        [
                            -10041000.0,
                            5000000.0
                        ],
                        [
                            -11041000.0,
                            5000000.0
                        ],
                        [
                            -11041000.0,
                            6000000.0
                        ]
                    ]
                ]
            }
        },
        {
            "type": "Feature",
            "properties": {
                "tile_id": "R4_C9",
                "left": -10041000,
                "top": 6000000,
                "right": -9041000,
                "bottom": 5000000
            },
            "geometry": {
                "type": "Polygon",
                "coordinates": [
                    [
                        [
                            -10041000.0,
                            6000000.0
                        ],
                        [
                            -9041000.0,
                            6000000.0
                        ],
                        [
                            -9041000.0,
                            5000000.0
                        ],
                        [
                            -10041000.0,
                            5000000.0
                        ],
                        [
                            -10041000.0,
                            6000000.0
                        ]
                    ]
                ]
            }
        },
        {
            "type": "Feature",
            "properties": {
                "tile_id": "R5_C10",
                "left": -9041000,
                "top": 5000000,
                "right": -8041000,
                "bottom": 4000000
            },
            "geometry": {
                "type": "Polygon",
                "coordinates": [
                    [
                        [
                            -9041000.0,
                            5000000.0
                        ],
                        [
                            -8041000.0,
                            5000000.0
                        ],
                        [
                            -8041000.0,
                            4000000.0
                        ],
                        [
                            -9041000.0,
                            4000000.0
                        ],
                        [
                            -9041000.0,
                            5000000.0
                        ]
                    ]
                ]
            }
        },
        {
            "type": "Feature",
            "properties": {
                "tile_id": "R5_C11",
                "left": -8041000,
                "top": 5000000,
                "right": -7041000,
                "bottom": 4000000
            },
            "geometry": {
                "type": "Polygon",
                "coordinates": [
                    [
                        [
                            -8041000.0,
                            5000000.0
                        ],
                        [
                            -7041000.0,
                            5000000.0
                        ],
                        [
                            -7041000.0,
                            4000000.0
                        ],
                        [
                            -8041000.0,
                            4000000.0
                        ],
                        [
                            -8041000.0,
                            5000000.0
                        ]
                    ]
                ]
            }
        },
        {
            "type": "Feature",
            "properties": {
                "tile_id": "R5_C12",
                "left": -7041000,
                "top": 5000000,
                "right": -6041000,
                "bottom": 4000000
            },
            "geometry": {
                "type": "Polygon",
                "coordinates": [
                    [
                        [
                            -7041000.0,
                            5000000.0
                        ],
                        [
                            -6041000.0,
                            5000000.0
                        ],
                        [
                            -6041000.0,
                            4000000.0
                        ],
                        [
                            -7041000.0,
                            4000000.0
                        ],
                        [
                            -7041000.0,
                            5000000.0
                        ]
                    ]
                ]
            }
        },
        {
            "type": "Feature",
            "properties": {
                "tile_id": "R5_C13",
                "left": -6041000,
                "top": 5000000,
                "right": -5041000,
                "bottom": 4000000
            },
            "geometry": {
                "type": "Polygon",
                "coordinates": [
                    [
                        [
                            -6041000.0,
                            5000000.0
                        ],
                        [
                            -5041000.0,
                            5000000.0
                        ],
                        [
                            -5041000.0,
                            4000000.0
                        ],
                        [
                            -6041000.0,
                            4000000.0
                        ],
                        [
                            -6041000.0,
                            5000000.0
                        ]
                    ]
                ]
            }
        },
        {
            "type": "Feature",
            "properties": {
                "tile_id": "R5_C16",
                "left": -3041000,
                "top": 5000000,
                "right": -2041000,
                "bottom": 4000000
            },
            "geometry": {
                "type": "Polygon",
                "coordinates": [
                    [
                        [
                            -3041000.0,
                            5000000.0
                        ],
                        [
                            -2041000.0,
                            5000000.0
                        ],
                        [
                            -2041000.0,
                            4000000.0
                        ],
                        [
                            -3041000.0,
                            4000000.0
                        ],
                        [
                            -3041000.0,
                            5000000.0
                        ]
                    ]
                ]
            }
        },
        {
            "type": "Feature",
            "properties": {
                "tile_id": "R5_C17",
                "left": -2041000,
                "top": 5000000,
                "right": -1041000,
                "bottom": 4000000
            },
            "geometry": {
                "type": "Polygon",
                "coordinates": [
                    [
                        [
                            -2041000.0,
                            5000000.0
                        ],
                        [
                            -1041000.0,
                            5000000.0
                        ],
                        [
                            -1041000.0,
                            4000000.0
                        ],
                        [
                            -2041000.0,
                            4000000.0
                        ],
                        [
                            -2041000.0,
                            5000000.0
                        ]
                    ]
                ]
            }
        },
        {
            "type": "Feature",
            "properties": {
                "tile_id": "R5_C18",
                "left": -1041000,
                "top": 5000000,
                "right": -41000,
                "bottom": 4000000
            },
            "geometry": {
                "type": "Polygon",
                "coordinates": [
                    [
                        [
                            -1041000.0,
                            5000000.0
                        ],
                        [
                            -41000.0,
                            5000000.0
                        ],
                        [
                            -41000.0,
                            4000000.0
                        ],
                        [
                            -1041000.0,
                            4000000.0
                        ],
                        [
                            -1041000.0,
                            5000000.0
                        ]
                    ]
                ]
            }
        },
        {
            "type": "Feature",
            "properties": {
                "tile_id": "R5_C19",
                "left": -41000,
                "top": 5000000,
                "right": 959000,
                "bottom": 4000000
            },
            "geometry": {
                "type": "Polygon",
                "coordinates": [
                    [
                        [
                            -41000.0,
                            5000000.0
                        ],
                        [
                            959000.0,
                            5000000.0
                        ],
                        [
                            959000.0,
                            4000000.0
                        ],
                        [
                            -41000.0,
                            4000000.0
                        ],
                        [
                            -41000.0,
                            5000000.0
                        ]
                    ]
                ]
            }
        },
        {
            "type": "Feature",
            "properties": {
                "tile_id": "R5_C20",
                "left": 959000,
                "top": 5000000,
                "right": 1959000,
                "bottom": 4000000
            },
            "geometry": {
                "type": "Polygon",
                "coordinates": [
                    [
                        [
                            959000.0,
                            5000000.0
                        ],
                        [
                            1959000.0,
                            5000000.0
                        ],
                        [
                            1959000.0,
                            4000000.0
                        ],
                        [
                            959000.0,
                            4000000.0
                        ],
                        [
                            959000.0,
                            5000000.0
                        ]
                    ]
                ]
            }
        },
        {
            "type": "Feature",
            "properties": {
                "tile_id": "R5_C21",
                "left": 1959000,
                "top": 5000000,
                "right": 2959000,
                "bottom": 4000000
            },
            "geometry": {
                "type": "Polygon",
                "coordinates": [
                    [
                        [
                            1959000.0,
                            5000000.0
                        ],
                        [
                            2959000.0,
                            5000000.0
                        ],
                        [
                            2959000.0,
                            4000000.0
                        ],
                        [
                            1959000.0,
                            4000000.0
                        ],
                        [
                            1959000.0,
                            5000000.0
                        ]
                    ]
                ]
            }
        },
        {
            "type": "Feature",
            "properties": {
                "tile_id": "R5_C22",
                "left": 2959000,
                "top": 5000000,
                "right": 3959000,
                "bottom": 4000000
            },
            "geometry": {
                "type": "Polygon",
                "coordinates": [
                    [
                        [
                            2959000.0,
                            5000000.0
                        ],
                        [
                            3959000.0,
                            5000000.0
                        ],
                        [
                            3959000.0,
                            4000000.0
                        ],
                        [
                            2959000.0,
                            4000000.0
                        ],
                        [
                            2959000.0,
                            5000000.0
                        ]
                    ]
                ]
            }
        },
        {
            "type": "Feature",
            "properties": {
                "tile_id": "R5_C23",
                "left": 3959000,
                "top": 5000000,
                "right": 4959000,
                "bottom": 4000000
            },
            "geometry": {
                "type": "Polygon",
                "coordinates": [
                    [
                        [
                            3959000.0,
                            5000000.0
                        ],
                        [
                            4959000.0,
                            5000000.0
                        ],
                        [
                            4959000.0,
                            4000000.0
                        ],
                        [
                            3959000.0,
                            4000000.0
                        ],
                        [
                            3959000.0,
                            5000000.0
                        ]
                    ]
                ]
            }
        },
        {
            "type": "Feature",
            "properties": {
                "tile_id": "R5_C24",
                "left": 4959000,
                "top": 5000000,
                "right": 5959000,
                "bottom": 4000000
            },
            "geometry": {
                "type": "Polygon",
                "coordinates": [
                    [
                        [
                            4959000.0,
                            5000000.0
                        ],
                        [
                            5959000.0,
                            5000000.0
                        ],
                        [
                            5959000.0,
                            4000000.0
                        ],
                        [
                            4959000.0,
                            4000000.0
                        ],
                        [
                            4959000.0,
                            5000000.0
                        ]
                    ]
                ]
            }
        },
        {
            "type": "Feature",
            "properties": {
                "tile_id": "R5_C25",
                "left": 5959000,
                "top": 5000000,
                "right": 6959000,
                "bottom": 4000000
            },
            "geometry": {
                "type": "Polygon",
                "coordinates": [
                    [
                        [
                            5959000.0,
                            5000000.0
                        ],
                        [
                            6959000.0,
                            5000000.0
                        ],
                        [
                            6959000.0,
                            4000000.0
                        ],
                        [
                            5959000.0,
                            4000000.0
                        ],
                        [
                            5959000.0,
                            5000000.0
                        ]
                    ]
                ]
            }
        },
        {
            "type": "Feature",
            "properties": {
                "tile_id": "R5_C26",
                "left": 6959000,
                "top": 5000000,
                "right": 7959000,
                "bottom": 4000000
            },
            "geometry": {
                "type": "Polygon",
                "coordinates": [
                    [
                        [
                            6959000.0,
                            5000000.0
                        ],
                        [
                            7959000.0,
                            5000000.0
                        ],
                        [
                            7959000.0,
                            4000000.0
                        ],
                        [
                            6959000.0,
                            4000000.0
                        ],
                        [
                            6959000.0,
                            5000000.0
                        ]
                    ]
                ]
            }
        },
        {
            "type": "Feature",
            "properties": {
                "tile_id": "R5_C27",
                "left": 7959000,
                "top": 5000000,
                "right": 8959000,
                "bottom": 4000000
            },
            "geometry": {
                "type": "Polygon",
                "coordinates": [
                    [
                        [
                            7959000.0,
                            5000000.0
                        ],
                        [
                            8959000.0,
                            5000000.0
                        ],
                        [
                            8959000.0,
                            4000000.0
                        ],
                        [
                            7959000.0,
                            4000000.0
                        ],
                        [
                            7959000.0,
                            5000000.0
                        ]
                    ]
                ]
            }
        },
        {
            "type": "Feature",
            "properties": {
                "tile_id": "R5_C28",
                "left": 8959000,
                "top": 5000000,
                "right": 9959000,
                "bottom": 4000000
            },
            "geometry": {
                "type": "Polygon",
                "coordinates": [
                    [
                        [
                            8959000.0,
                            5000000.0
                        ],
                        [
                            9959000.0,
                            5000000.0
                        ],
                        [
                            9959000.0,
                            4000000.0
                        ],
                        [
                            8959000.0,
                            4000000.0
                        ],
                        [
                            8959000.0,
                            5000000.0
                        ]
                    ]
                ]
            }
        },
        {
            "type": "Feature",
            "properties": {
                "tile_id": "R5_C29",
                "left": 9959000,
                "top": 5000000,
                "right": 10959000,
                "bottom": 4000000
            },
            "geometry": {
                "type": "Polygon",
                "coordinates": [
                    [
                        [
                            9959000.0,
                            5000000.0
                        ],
                        [
                            10959000.0,
                            5000000.0
                        ],
                        [
                            10959000.0,
                            4000000.0
                        ],
                        [
                            9959000.0,
                            4000000.0
                        ],
                        [
                            9959000.0,
                            5000000.0
                        ]
                    ]
                ]
            }
        },
        {
            "type": "Feature",
            "properties": {
                "tile_id": "R5_C30",
                "left": 10959000,
                "top": 5000000,
                "right": 11959000,
                "bottom": 4000000
            },
            "geometry": {
                "type": "Polygon",
                "coordinates": [
                    [
                        [
                            10959000.0,
                            5000000.0
                        ],
                        [
                            11959000.0,
                            5000000.0
                        ],
                        [
                            11959000.0,
                            4000000.0
                        ],
                        [
                            10959000.0,
                            4000000.0
                        ],
                        [
                            10959000.0,
                            5000000.0
                        ]
                    ]
                ]
            }
        },
        {
            "type": "Feature",
            "properties": {
                "tile_id": "R5_C31",
                "left": 11959000,
                "top": 5000000,
                "right": 12959000,
                "bottom": 4000000
            },
            "geometry": {
                "type": "Polygon",
                "coordinates": [
                    [
                        [
                            11959000.0,
                            5000000.0
                        ],
                        [
                            12959000.0,
                            5000000.0
                        ],
                        [
                            12959000.0,
                            4000000.0
                        ],
                        [
                            11959000.0,
                            4000000.0
                        ],
                        [
                            11959000.0,
                            5000000.0
                        ]
                    ]
                ]
            }
        },
        {
            "type": "Feature",
            "properties": {
                "tile_id": "R5_C8",
                "left": -11041000,
                "top": 5000000,
                "right": -10041000,
                "bottom": 4000000
            },
            "geometry": {
                "type": "Polygon",
                "coordinates": [
                    [
                        [
                            -11041000.0,
                            5000000.0
                        ],
                        [
                            -10041000.0,
                            5000000.0
                        ],
                        [
                            -10041000.0,
                            4000000.0
                        ],
                        [
                            -11041000.0,
                            4000000.0
                        ],
                        [
                            -11041000.0,
                            5000000.0
                        ]
                    ]
                ]
            }
        },
        {
            "type": "Feature",
            "properties": {
                "tile_id": "R5_C9",
                "left": -10041000,
                "top": 5000000,
                "right": -9041000,
                "bottom": 4000000
            },
            "geometry": {
                "type": "Polygon",
                "coordinates": [
                    [
                        [
                            -10041000.0,
                            5000000.0
                        ],
                        [
                            -9041000.0,
                            5000000.0
                        ],
                        [
                            -9041000.0,
                            4000000.0
                        ],
                        [
                            -10041000.0,
                            4000000.0
                        ],
                        [
                            -10041000.0,
                            5000000.0
                        ]
                    ]
                ]
            }
        },
        {
            "type": "Feature",
            "properties": {
                "tile_id": "R6_C10",
                "left": -9041000,
                "top": 4000000,
                "right": -8041000,
                "bottom": 3000000
            },
            "geometry": {
                "type": "Polygon",
                "coordinates": [
                    [
                        [
                            -9041000.0,
                            4000000.0
                        ],
                        [
                            -8041000.0,
                            4000000.0
                        ],
                        [
                            -8041000.0,
                            3000000.0
                        ],
                        [
                            -9041000.0,
                            3000000.0
                        ],
                        [
                            -9041000.0,
                            4000000.0
                        ]
                    ]
                ]
            }
        },
        {
            "type": "Feature",
            "properties": {
                "tile_id": "R6_C11",
                "left": -8041000,
                "top": 4000000,
                "right": -7041000,
                "bottom": 3000000
            },
            "geometry": {
                "type": "Polygon",
                "coordinates": [
                    [
                        [
                            -8041000.0,
                            4000000.0
                        ],
                        [
                            -7041000.0,
                            4000000.0
                        ],
                        [
                            -7041000.0,
                            3000000.0
                        ],
                        [
                            -8041000.0,
                            3000000.0
                        ],
                        [
                            -8041000.0,
                            4000000.0
                        ]
                    ]
                ]
            }
        },
        {
            "type": "Feature",
            "properties": {
                "tile_id": "R6_C13",
                "left": -6041000,
                "top": 4000000,
                "right": -5041000,
                "bottom": 3000000
            },
            "geometry": {
                "type": "Polygon",
                "coordinates": [
                    [
                        [
                            -6041000.0,
                            4000000.0
                        ],
                        [
                            -5041000.0,
                            4000000.0
                        ],
                        [
                            -5041000.0,
                            3000000.0
                        ],
                        [
                            -6041000.0,
                            3000000.0
                        ],
                        [
                            -6041000.0,
                            4000000.0
                        ]
                    ]
                ]
            }
        },
        {
            "type": "Feature",
            "properties": {
                "tile_id": "R6_C17",
                "left": -2041000,
                "top": 4000000,
                "right": -1041000,
                "bottom": 3000000
            },
            "geometry": {
                "type": "Polygon",
                "coordinates": [
                    [
                        [
                            -2041000.0,
                            4000000.0
                        ],
                        [
                            -1041000.0,
                            4000000.0
                        ],
                        [
                            -1041000.0,
                            3000000.0
                        ],
                        [
                            -2041000.0,
                            3000000.0
                        ],
                        [
                            -2041000.0,
                            4000000.0
                        ]
                    ]
                ]
            }
        },
        {
            "type": "Feature",
            "properties": {
                "tile_id": "R6_C18",
                "left": -1041000,
                "top": 4000000,
                "right": -41000,
                "bottom": 3000000
            },
            "geometry": {
                "type": "Polygon",
                "coordinates": [
                    [
                        [
                            -1041000.0,
                            4000000.0
                        ],
                        [
                            -41000.0,
                            4000000.0
                        ],
                        [
                            -41000.0,
                            3000000.0
                        ],
                        [
                            -1041000.0,
                            3000000.0
                        ],
                        [
                            -1041000.0,
                            4000000.0
                        ]
                    ]
                ]
            }
        },
        {
            "type": "Feature",
            "properties": {
                "tile_id": "R6_C19",
                "left": -41000,
                "top": 4000000,
                "right": 959000,
                "bottom": 3000000
            },
            "geometry": {
                "type": "Polygon",
                "coordinates": [
                    [
                        [
                            -41000.0,
                            4000000.0
                        ],
                        [
                            959000.0,
                            4000000.0
                        ],
                        [
                            959000.0,
                            3000000.0
                        ],
                        [
                            -41000.0,
                            3000000.0
                        ],
                        [
                            -41000.0,
                            4000000.0
                        ]
                    ]
                ]
            }
        },
        {
            "type": "Feature",
            "properties": {
                "tile_id": "R6_C20",
                "left": 959000,
                "top": 4000000,
                "right": 1959000,
                "bottom": 3000000
            },
            "geometry": {
                "type": "Polygon",
                "coordinates": [
                    [
                        [
                            959000.0,
                            4000000.0
                        ],
                        [
                            1959000.0,
                            4000000.0
                        ],
                        [
                            1959000.0,
                            3000000.0
                        ],
                        [
                            959000.0,
                            3000000.0
                        ],
                        [
                            959000.0,
                            4000000.0
                        ]
                    ]
                ]
            }
        },
        {
            "type": "Feature",
            "properties": {
                "tile_id": "R6_C21",
                "left": 1959000,
                "top": 4000000,
                "right": 2959000,
                "bottom": 3000000
            },
            "geometry": {
                "type": "Polygon",
                "coordinates": [
                    [
                        [
                            1959000.0,
                            4000000.0
                        ],
                        [
                            2959000.0,
                            4000000.0
                        ],
                        [
                            2959000.0,
                            3000000.0
                        ],
                        [
                            1959000.0,
                            3000000.0
                        ],
                        [
                            1959000.0,
                            4000000.0
                        ]
                    ]
                ]
            }
        },
        {
            "type": "Feature",
            "properties": {
                "tile_id": "R6_C22",
                "left": 2959000,
                "top": 4000000,
                "right": 3959000,
                "bottom": 3000000
            },
            "geometry": {
                "type": "Polygon",
                "coordinates": [
                    [
                        [
                            2959000.0,
                            4000000.0
                        ],
                        [
                            3959000.0,
                            4000000.0
                        ],
                        [
                            3959000.0,
                            3000000.0
                        ],
                        [
                            2959000.0,
                            3000000.0
                        ],
                        [
                            2959000.0,
                            4000000.0
                        ]
                    ]
                ]
            }
        },
        {
            "type": "Feature",
            "properties": {
                "tile_id": "R6_C23",
                "left": 3959000,
                "top": 4000000,
                "right": 4959000,
                "bottom": 3000000
            },
            "geometry": {
                "type": "Polygon",
                "coordinates": [
                    [
                        [
                            3959000.0,
                            4000000.0
                        ],
                        [
                            4959000.0,
                            4000000.0
                        ],
                        [
                            4959000.0,
                            3000000.0
                        ],
                        [
                            3959000.0,
                            3000000.0
                        ],
                        [
                            3959000.0,
                            4000000.0
                        ]
                    ]
                ]
            }
        },
        {
            "type": "Feature",
            "properties": {
                "tile_id": "R6_C24",
                "left": 4959000,
                "top": 4000000,
                "right": 5959000,
                "bottom": 3000000
            },
            "geometry": {
                "type": "Polygon",
                "coordinates": [
                    [
                        [
                            4959000.0,
                            4000000.0
                        ],
                        [
                            5959000.0,
                            4000000.0
                        ],
                        [
                            5959000.0,
                            3000000.0
                        ],
                        [
                            4959000.0,
                            3000000.0
                        ],
                        [
                            4959000.0,
                            4000000.0
                        ]
                    ]
                ]
            }
        },
        {
            "type": "Feature",
            "properties": {
                "tile_id": "R6_C25",
                "left": 5959000,
                "top": 4000000,
                "right": 6959000,
                "bottom": 3000000
            },
            "geometry": {
                "type": "Polygon",
                "coordinates": [
                    [
                        [
                            5959000.0,
                            4000000.0
                        ],
                        [
                            6959000.0,
                            4000000.0
                        ],
                        [
                            6959000.0,
                            3000000.0
                        ],
                        [
                            5959000.0,
                            3000000.0
                        ],
                        [
                            5959000.0,
                            4000000.0
                        ]
                    ]
                ]
            }
        },
        {
            "type": "Feature",
            "properties": {
                "tile_id": "R6_C26",
                "left": 6959000,
                "top": 4000000,
                "right": 7959000,
                "bottom": 3000000
            },
            "geometry": {
                "type": "Polygon",
                "coordinates": [
                    [
                        [
                            6959000.0,
                            4000000.0
                        ],
                        [
                            7959000.0,
                            4000000.0
                        ],
                        [
                            7959000.0,
                            3000000.0
                        ],
                        [
                            6959000.0,
                            3000000.0
                        ],
                        [
                            6959000.0,
                            4000000.0
                        ]
                    ]
                ]
            }
        },
        {
            "type": "Feature",
            "properties": {
                "tile_id": "R6_C27",
                "left": 7959000,
                "top": 4000000,
                "right": 8959000,
                "bottom": 3000000
            },
            "geometry": {
                "type": "Polygon",
                "coordinates": [
                    [
                        [
                            7959000.0,
                            4000000.0
                        ],
                        [
                            8959000.0,
                            4000000.0
                        ],
                        [
                            8959000.0,
                            3000000.0
                        ],
                        [
                            7959000.0,
                            3000000.0
                        ],
                        [
                            7959000.0,
                            4000000.0
                        ]
                    ]
                ]
            }
        },
        {
            "type": "Feature",
            "properties": {
                "tile_id": "R6_C28",
                "left": 8959000,
                "top": 4000000,
                "right": 9959000,
                "bottom": 3000000
            },
            "geometry": {
                "type": "Polygon",
                "coordinates": [
                    [
                        [
                            8959000.0,
                            4000000.0
                        ],
                        [
                            9959000.0,
                            4000000.0
                        ],
                        [
                            9959000.0,
                            3000000.0
                        ],
                        [
                            8959000.0,
                            3000000.0
                        ],
                        [
                            8959000.0,
                            4000000.0
                        ]
                    ]
                ]
            }
        },
        {
            "type": "Feature",
            "properties": {
                "tile_id": "R6_C29",
                "left": 9959000,
                "top": 4000000,
                "right": 10959000,
                "bottom": 3000000
            },
            "geometry": {
                "type": "Polygon",
                "coordinates": [
                    [
                        [
                            9959000.0,
                            4000000.0
                        ],
                        [
                            10959000.0,
                            4000000.0
                        ],
                        [
                            10959000.0,
                            3000000.0
                        ],
                        [
                            9959000.0,
                            3000000.0
                        ],
                        [
                            9959000.0,
                            4000000.0
                        ]
                    ]
                ]
            }
        },
        {
            "type": "Feature",
            "properties": {
                "tile_id": "R6_C2",
                "left": -17041000,
                "top": 4000000,
                "right": -16041000,
                "bottom": 3000000
            },
            "geometry": {
                "type": "Polygon",
                "coordinates": [
                    [
                        [
                            -17041000.0,
                            4000000.0
                        ],
                        [
                            -16041000.0,
                            4000000.0
                        ],
                        [
                            -16041000.0,
                            3000000.0
                        ],
                        [
                            -17041000.0,
                            3000000.0
                        ],
                        [
                            -17041000.0,
                            4000000.0
                        ]
                    ]
                ]
            }
        },
        {
            "type": "Feature",
            "properties": {
                "tile_id": "R6_C30",
                "left": 10959000,
                "top": 4000000,
                "right": 11959000,
                "bottom": 3000000
            },
            "geometry": {
                "type": "Polygon",
                "coordinates": [
                    [
                        [
                            10959000.0,
                            4000000.0
                        ],
                        [
                            11959000.0,
                            4000000.0
                        ],
                        [
                            11959000.0,
                            3000000.0
                        ],
                        [
                            10959000.0,
                            3000000.0
                        ],
                        [
                            10959000.0,
                            4000000.0
                        ]
                    ]
                ]
            }
        },
        {
            "type": "Feature",
            "properties": {
                "tile_id": "R6_C31",
                "left": 11959000,
                "top": 4000000,
                "right": 12959000,
                "bottom": 3000000
            },
            "geometry": {
                "type": "Polygon",
                "coordinates": [
                    [
                        [
                            11959000.0,
                            4000000.0
                        ],
                        [
                            12959000.0,
                            4000000.0
                        ],
                        [
                            12959000.0,
                            3000000.0
                        ],
                        [
                            11959000.0,
                            3000000.0
                        ],
                        [
                            11959000.0,
                            4000000.0
                        ]
                    ]
                ]
            }
        },
        {
            "type": "Feature",
            "properties": {
                "tile_id": "R6_C32",
                "left": 12959000,
                "top": 4000000,
                "right": 13959000,
                "bottom": 3000000
            },
            "geometry": {
                "type": "Polygon",
                "coordinates": [
                    [
                        [
                            12959000.0,
                            4000000.0
                        ],
                        [
                            13959000.0,
                            4000000.0
                        ],
                        [
                            13959000.0,
                            3000000.0
                        ],
                        [
                            12959000.0,
                            3000000.0
                        ],
                        [
                            12959000.0,
                            4000000.0
                        ]
                    ]
                ]
            }
        },
        {
            "type": "Feature",
            "properties": {
                "tile_id": "R6_C3",
                "left": -16041000,
                "top": 4000000,
                "right": -15041000,
                "bottom": 3000000
            },
            "geometry": {
                "type": "Polygon",
                "coordinates": [
                    [
                        [
                            -16041000.0,
                            4000000.0
                        ],
                        [
                            -15041000.0,
                            4000000.0
                        ],
                        [
                            -15041000.0,
                            3000000.0
                        ],
                        [
                            -16041000.0,
                            3000000.0
                        ],
                        [
                            -16041000.0,
                            4000000.0
                        ]
                    ]
                ]
            }
        },
        {
            "type": "Feature",
            "properties": {
                "tile_id": "R6_C8",
                "left": -11041000,
                "top": 4000000,
                "right": -10041000,
                "bottom": 3000000
            },
            "geometry": {
                "type": "Polygon",
                "coordinates": [
                    [
                        [
                            -11041000.0,
                            4000000.0
                        ],
                        [
                            -10041000.0,
                            4000000.0
                        ],
                        [
                            -10041000.0,
                            3000000.0
                        ],
                        [
                            -11041000.0,
                            3000000.0
                        ],
                        [
                            -11041000.0,
                            4000000.0
                        ]
                    ]
                ]
            }
        },
        {
            "type": "Feature",
            "properties": {
                "tile_id": "R6_C9",
                "left": -10041000,
                "top": 4000000,
                "right": -9041000,
                "bottom": 3000000
            },
            "geometry": {
                "type": "Polygon",
                "coordinates": [
                    [
                        [
                            -10041000.0,
                            4000000.0
                        ],
                        [
                            -9041000.0,
                            4000000.0
                        ],
                        [
                            -9041000.0,
                            3000000.0
                        ],
                        [
                            -10041000.0,
                            3000000.0
                        ],
                        [
                            -10041000.0,
                            4000000.0
                        ]
                    ]
                ]
            }
        },
        {
            "type": "Feature",
            "properties": {
                "tile_id": "R7_C10",
                "left": -9041000,
                "top": 3000000,
                "right": -8041000,
                "bottom": 2000000
            },
            "geometry": {
                "type": "Polygon",
                "coordinates": [
                    [
                        [
                            -9041000.0,
                            3000000.0
                        ],
                        [
                            -8041000.0,
                            3000000.0
                        ],
                        [
                            -8041000.0,
                            2000000.0
                        ],
                        [
                            -9041000.0,
                            2000000.0
                        ],
                        [
                            -9041000.0,
                            3000000.0
                        ]
                    ]
                ]
            }
        },
        {
            "type": "Feature",
            "properties": {
                "tile_id": "R7_C11",
                "left": -8041000,
                "top": 3000000,
                "right": -7041000,
                "bottom": 2000000
            },
            "geometry": {
                "type": "Polygon",
                "coordinates": [
                    [
                        [
                            -8041000.0,
                            3000000.0
                        ],
                        [
                            -7041000.0,
                            3000000.0
                        ],
                        [
                            -7041000.0,
                            2000000.0
                        ],
                        [
                            -8041000.0,
                            2000000.0
                        ],
                        [
                            -8041000.0,
                            3000000.0
                        ]
                    ]
                ]
            }
        },
        {
            "type": "Feature",
            "properties": {
                "tile_id": "R7_C12",
                "left": -7041000,
                "top": 3000000,
                "right": -6041000,
                "bottom": 2000000
            },
            "geometry": {
                "type": "Polygon",
                "coordinates": [
                    [
                        [
                            -7041000.0,
                            3000000.0
                        ],
                        [
                            -6041000.0,
                            3000000.0
                        ],
                        [
                            -6041000.0,
                            2000000.0
                        ],
                        [
                            -7041000.0,
                            2000000.0
                        ],
                        [
                            -7041000.0,
                            3000000.0
                        ]
                    ]
                ]
            }
        },
        {
            "type": "Feature",
            "properties": {
                "tile_id": "R7_C13",
                "left": -6041000,
                "top": 3000000,
                "right": -5041000,
                "bottom": 2000000
            },
            "geometry": {
                "type": "Polygon",
                "coordinates": [
                    [
                        [
                            -6041000.0,
                            3000000.0
                        ],
                        [
                            -5041000.0,
                            3000000.0
                        ],
                        [
                            -5041000.0,
                            2000000.0
                        ],
                        [
                            -6041000.0,
                            2000000.0
                        ],
                        [
                            -6041000.0,
                            3000000.0
                        ]
                    ]
                ]
            }
        },
        {
            "type": "Feature",
            "properties": {
                "tile_id": "R7_C16",
                "left": -3041000,
                "top": 3000000,
                "right": -2041000,
                "bottom": 2000000
            },
            "geometry": {
                "type": "Polygon",
                "coordinates": [
                    [
                        [
                            -3041000.0,
                            3000000.0
                        ],
                        [
                            -2041000.0,
                            3000000.0
                        ],
                        [
                            -2041000.0,
                            2000000.0
                        ],
                        [
                            -3041000.0,
                            2000000.0
                        ],
                        [
                            -3041000.0,
                            3000000.0
                        ]
                    ]
                ]
            }
        },
        {
            "type": "Feature",
            "properties": {
                "tile_id": "R7_C17",
                "left": -2041000,
                "top": 3000000,
                "right": -1041000,
                "bottom": 2000000
            },
            "geometry": {
                "type": "Polygon",
                "coordinates": [
                    [
                        [
                            -2041000.0,
                            3000000.0
                        ],
                        [
                            -1041000.0,
                            3000000.0
                        ],
                        [
                            -1041000.0,
                            2000000.0
                        ],
                        [
                            -2041000.0,
                            2000000.0
                        ],
                        [
                            -2041000.0,
                            3000000.0
                        ]
                    ]
                ]
            }
        },
        {
            "type": "Feature",
            "properties": {
                "tile_id": "R7_C18",
                "left": -1041000,
                "top": 3000000,
                "right": -41000,
                "bottom": 2000000
            },
            "geometry": {
                "type": "Polygon",
                "coordinates": [
                    [
                        [
                            -1041000.0,
                            3000000.0
                        ],
                        [
                            -41000.0,
                            3000000.0
                        ],
                        [
                            -41000.0,
                            2000000.0
                        ],
                        [
                            -1041000.0,
                            2000000.0
                        ],
                        [
                            -1041000.0,
                            3000000.0
                        ]
                    ]
                ]
            }
        },
        {
            "type": "Feature",
            "properties": {
                "tile_id": "R7_C19",
                "left": -41000,
                "top": 3000000,
                "right": 959000,
                "bottom": 2000000
            },
            "geometry": {
                "type": "Polygon",
                "coordinates": [
                    [
                        [
                            -41000.0,
                            3000000.0
                        ],
                        [
                            959000.0,
                            3000000.0
                        ],
                        [
                            959000.0,
                            2000000.0
                        ],
                        [
                            -41000.0,
                            2000000.0
                        ],
                        [
                            -41000.0,
                            3000000.0
                        ]
                    ]
                ]
            }
        },
        {
            "type": "Feature",
            "properties": {
                "tile_id": "R7_C20",
                "left": 959000,
                "top": 3000000,
                "right": 1959000,
                "bottom": 2000000
            },
            "geometry": {
                "type": "Polygon",
                "coordinates": [
                    [
                        [
                            959000.0,
                            3000000.0
                        ],
                        [
                            1959000.0,
                            3000000.0
                        ],
                        [
                            1959000.0,
                            2000000.0
                        ],
                        [
                            959000.0,
                            2000000.0
                        ],
                        [
                            959000.0,
                            3000000.0
                        ]
                    ]
                ]
            }
        },
        {
            "type": "Feature",
            "properties": {
                "tile_id": "R7_C21",
                "left": 1959000,
                "top": 3000000,
                "right": 2959000,
                "bottom": 2000000
            },
            "geometry": {
                "type": "Polygon",
                "coordinates": [
                    [
                        [
                            1959000.0,
                            3000000.0
                        ],
                        [
                            2959000.0,
                            3000000.0
                        ],
                        [
                            2959000.0,
                            2000000.0
                        ],
                        [
                            1959000.0,
                            2000000.0
                        ],
                        [
                            1959000.0,
                            3000000.0
                        ]
                    ]
                ]
            }
        },
        {
            "type": "Feature",
            "properties": {
                "tile_id": "R7_C22",
                "left": 2959000,
                "top": 3000000,
                "right": 3959000,
                "bottom": 2000000
            },
            "geometry": {
                "type": "Polygon",
                "coordinates": [
                    [
                        [
                            2959000.0,
                            3000000.0
                        ],
                        [
                            3959000.0,
                            3000000.0
                        ],
                        [
                            3959000.0,
                            2000000.0
                        ],
                        [
                            2959000.0,
                            2000000.0
                        ],
                        [
                            2959000.0,
                            3000000.0
                        ]
                    ]
                ]
            }
        },
        {
            "type": "Feature",
            "properties": {
                "tile_id": "R7_C23",
                "left": 3959000,
                "top": 3000000,
                "right": 4959000,
                "bottom": 2000000
            },
            "geometry": {
                "type": "Polygon",
                "coordinates": [
                    [
                        [
                            3959000.0,
                            3000000.0
                        ],
                        [
                            4959000.0,
                            3000000.0
                        ],
                        [
                            4959000.0,
                            2000000.0
                        ],
                        [
                            3959000.0,
                            2000000.0
                        ],
                        [
                            3959000.0,
                            3000000.0
                        ]
                    ]
                ]
            }
        },
        {
            "type": "Feature",
            "properties": {
                "tile_id": "R7_C24",
                "left": 4959000,
                "top": 3000000,
                "right": 5959000,
                "bottom": 2000000
            },
            "geometry": {
                "type": "Polygon",
                "coordinates": [
                    [
                        [
                            4959000.0,
                            3000000.0
                        ],
                        [
                            5959000.0,
                            3000000.0
                        ],
                        [
                            5959000.0,
                            2000000.0
                        ],
                        [
                            4959000.0,
                            2000000.0
                        ],
                        [
                            4959000.0,
                            3000000.0
                        ]
                    ]
                ]
            }
        },
        {
            "type": "Feature",
            "properties": {
                "tile_id": "R7_C25",
                "left": 5959000,
                "top": 3000000,
                "right": 6959000,
                "bottom": 2000000
            },
            "geometry": {
                "type": "Polygon",
                "coordinates": [
                    [
                        [
                            5959000.0,
                            3000000.0
                        ],
                        [
                            6959000.0,
                            3000000.0
                        ],
                        [
                            6959000.0,
                            2000000.0
                        ],
                        [
                            5959000.0,
                            2000000.0
                        ],
                        [
                            5959000.0,
                            3000000.0
                        ]
                    ]
                ]
            }
        },
        {
            "type": "Feature",
            "properties": {
                "tile_id": "R7_C26",
                "left": 6959000,
                "top": 3000000,
                "right": 7959000,
                "bottom": 2000000
            },
            "geometry": {
                "type": "Polygon",
                "coordinates": [
                    [
                        [
                            6959000.0,
                            3000000.0
                        ],
                        [
                            7959000.0,
                            3000000.0
                        ],
                        [
                            7959000.0,
                            2000000.0
                        ],
                        [
                            6959000.0,
                            2000000.0
                        ],
                        [
                            6959000.0,
                            3000000.0
                        ]
                    ]
                ]
            }
        },
        {
            "type": "Feature",
            "properties": {
                "tile_id": "R7_C27",
                "left": 7959000,
                "top": 3000000,
                "right": 8959000,
                "bottom": 2000000
            },
            "geometry": {
                "type": "Polygon",
                "coordinates": [
                    [
                        [
                            7959000.0,
                            3000000.0
                        ],
                        [
                            8959000.0,
                            3000000.0
                        ],
                        [
                            8959000.0,
                            2000000.0
                        ],
                        [
                            7959000.0,
                            2000000.0
                        ],
                        [
                            7959000.0,
                            3000000.0
                        ]
                    ]
                ]
            }
        },
        {
            "type": "Feature",
            "properties": {
                "tile_id": "R7_C28",
                "left": 8959000,
                "top": 3000000,
                "right": 9959000,
                "bottom": 2000000
            },
            "geometry": {
                "type": "Polygon",
                "coordinates": [
                    [
                        [
                            8959000.0,
                            3000000.0
                        ],
                        [
                            9959000.0,
                            3000000.0
                        ],
                        [
                            9959000.0,
                            2000000.0
                        ],
                        [
                            8959000.0,
                            2000000.0
                        ],
                        [
                            8959000.0,
                            3000000.0
                        ]
                    ]
                ]
            }
        },
        {
            "type": "Feature",
            "properties": {
                "tile_id": "R7_C29",
                "left": 9959000,
                "top": 3000000,
                "right": 10959000,
                "bottom": 2000000
            },
            "geometry": {
                "type": "Polygon",
                "coordinates": [
                    [
                        [
                            9959000.0,
                            3000000.0
                        ],
                        [
                            10959000.0,
                            3000000.0
                        ],
                        [
                            10959000.0,
                            2000000.0
                        ],
                        [
                            9959000.0,
                            2000000.0
                        ],
                        [
                            9959000.0,
                            3000000.0
                        ]
                    ]
                ]
            }
        },
        {
            "type": "Feature",
            "properties": {
                "tile_id": "R7_C2",
                "left": -17041000,
                "top": 3000000,
                "right": -16041000,
                "bottom": 2000000
            },
            "geometry": {
                "type": "Polygon",
                "coordinates": [
                    [
                        [
                            -17041000.0,
                            3000000.0
                        ],
                        [
                            -16041000.0,
                            3000000.0
                        ],
                        [
                            -16041000.0,
                            2000000.0
                        ],
                        [
                            -17041000.0,
                            2000000.0
                        ],
                        [
                            -17041000.0,
                            3000000.0
                        ]
                    ]
                ]
            }
        },
        {
            "type": "Feature",
            "properties": {
                "tile_id": "R7_C30",
                "left": 10959000,
                "top": 3000000,
                "right": 11959000,
                "bottom": 2000000
            },
            "geometry": {
                "type": "Polygon",
                "coordinates": [
                    [
                        [
                            10959000.0,
                            3000000.0
                        ],
                        [
                            11959000.0,
                            3000000.0
                        ],
                        [
                            11959000.0,
                            2000000.0
                        ],
                        [
                            10959000.0,
                            2000000.0
                        ],
                        [
                            10959000.0,
                            3000000.0
                        ]
                    ]
                ]
            }
        },
        {
            "type": "Feature",
            "properties": {
                "tile_id": "R7_C31",
                "left": 11959000,
                "top": 3000000,
                "right": 12959000,
                "bottom": 2000000
            },
            "geometry": {
                "type": "Polygon",
                "coordinates": [
                    [
                        [
                            11959000.0,
                            3000000.0
                        ],
                        [
                            12959000.0,
                            3000000.0
                        ],
                        [
                            12959000.0,
                            2000000.0
                        ],
                        [
                            11959000.0,
                            2000000.0
                        ],
                        [
                            11959000.0,
                            3000000.0
                        ]
                    ]
                ]
            }
        },
        {
            "type": "Feature",
            "properties": {
                "tile_id": "R7_C32",
                "left": 12959000,
                "top": 3000000,
                "right": 13959000,
                "bottom": 2000000
            },
            "geometry": {
                "type": "Polygon",
                "coordinates": [
                    [
                        [
                            12959000.0,
                            3000000.0
                        ],
                        [
                            13959000.0,
                            3000000.0
                        ],
                        [
                            13959000.0,
                            2000000.0
                        ],
                        [
                            12959000.0,
                            2000000.0
                        ],
                        [
                            12959000.0,
                            3000000.0
                        ]
                    ]
                ]
            }
        },
        {
            "type": "Feature",
            "properties": {
                "tile_id": "R7_C33",
                "left": 13959000,
                "top": 3000000,
                "right": 14959000,
                "bottom": 2000000
            },
            "geometry": {
                "type": "Polygon",
                "coordinates": [
                    [
                        [
                            13959000.0,
                            3000000.0
                        ],
                        [
                            14959000.0,
                            3000000.0
                        ],
                        [
                            14959000.0,
                            2000000.0
                        ],
                        [
                            13959000.0,
                            2000000.0
                        ],
                        [
                            13959000.0,
                            3000000.0
                        ]
                    ]
                ]
            }
        },
        {
            "type": "Feature",
            "properties": {
                "tile_id": "R7_C35",
                "left": 15959000,
                "top": 3000000,
                "right": 16959000,
                "bottom": 2000000
            },
            "geometry": {
                "type": "Polygon",
                "coordinates": [
                    [
                        [
                            15959000.0,
                            3000000.0
                        ],
                        [
                            16959000.0,
                            3000000.0
                        ],
                        [
                            16959000.0,
                            2000000.0
                        ],
                        [
                            15959000.0,
                            2000000.0
                        ],
                        [
                            15959000.0,
                            3000000.0
                        ]
                    ]
                ]
            }
        },
        {
            "type": "Feature",
            "properties": {
                "tile_id": "R7_C3",
                "left": -16041000,
                "top": 3000000,
                "right": -15041000,
                "bottom": 2000000
            },
            "geometry": {
                "type": "Polygon",
                "coordinates": [
                    [
                        [
                            -16041000.0,
                            3000000.0
                        ],
                        [
                            -15041000.0,
                            3000000.0
                        ],
                        [
                            -15041000.0,
                            2000000.0
                        ],
                        [
                            -16041000.0,
                            2000000.0
                        ],
                        [
                            -16041000.0,
                            3000000.0
                        ]
                    ]
                ]
            }
        },
        {
            "type": "Feature",
            "properties": {
                "tile_id": "R7_C4",
                "left": -15041000,
                "top": 3000000,
                "right": -14041000,
                "bottom": 2000000
            },
            "geometry": {
                "type": "Polygon",
                "coordinates": [
                    [
                        [
                            -15041000.0,
                            3000000.0
                        ],
                        [
                            -14041000.0,
                            3000000.0
                        ],
                        [
                            -14041000.0,
                            2000000.0
                        ],
                        [
                            -15041000.0,
                            2000000.0
                        ],
                        [
                            -15041000.0,
                            3000000.0
                        ]
                    ]
                ]
            }
        },
        {
            "type": "Feature",
            "properties": {
                "tile_id": "R7_C7",
                "left": -12041000,
                "top": 3000000,
                "right": -11041000,
                "bottom": 2000000
            },
            "geometry": {
                "type": "Polygon",
                "coordinates": [
                    [
                        [
                            -12041000.0,
                            3000000.0
                        ],
                        [
                            -11041000.0,
                            3000000.0
                        ],
                        [
                            -11041000.0,
                            2000000.0
                        ],
                        [
                            -12041000.0,
                            2000000.0
                        ],
                        [
                            -12041000.0,
                            3000000.0
                        ]
                    ]
                ]
            }
        },
        {
            "type": "Feature",
            "properties": {
                "tile_id": "R7_C8",
                "left": -11041000,
                "top": 3000000,
                "right": -10041000,
                "bottom": 2000000
            },
            "geometry": {
                "type": "Polygon",
                "coordinates": [
                    [
                        [
                            -11041000.0,
                            3000000.0
                        ],
                        [
                            -10041000.0,
                            3000000.0
                        ],
                        [
                            -10041000.0,
                            2000000.0
                        ],
                        [
                            -11041000.0,
                            2000000.0
                        ],
                        [
                            -11041000.0,
                            3000000.0
                        ]
                    ]
                ]
            }
        },
        {
            "type": "Feature",
            "properties": {
                "tile_id": "R7_C9",
                "left": -10041000,
                "top": 3000000,
                "right": -9041000,
                "bottom": 2000000
            },
            "geometry": {
                "type": "Polygon",
                "coordinates": [
                    [
                        [
                            -10041000.0,
                            3000000.0
                        ],
                        [
                            -9041000.0,
                            3000000.0
                        ],
                        [
                            -9041000.0,
                            2000000.0
                        ],
                        [
                            -10041000.0,
                            2000000.0
                        ],
                        [
                            -10041000.0,
                            3000000.0
                        ]
                    ]
                ]
            }
        },
        {
            "type": "Feature",
            "properties": {
                "tile_id": "R8_C10",
                "left": -9041000,
                "top": 2000000,
                "right": -8041000,
                "bottom": 1000000
            },
            "geometry": {
                "type": "Polygon",
                "coordinates": [
                    [
                        [
                            -9041000.0,
                            2000000.0
                        ],
                        [
                            -8041000.0,
                            2000000.0
                        ],
                        [
                            -8041000.0,
                            1000000.0
                        ],
                        [
                            -9041000.0,
                            1000000.0
                        ],
                        [
                            -9041000.0,
                            2000000.0
                        ]
                    ]
                ]
            }
        },
        {
            "type": "Feature",
            "properties": {
                "tile_id": "R8_C11",
                "left": -8041000,
                "top": 2000000,
                "right": -7041000,
                "bottom": 1000000
            },
            "geometry": {
                "type": "Polygon",
                "coordinates": [
                    [
                        [
                            -8041000.0,
                            2000000.0
                        ],
                        [
                            -7041000.0,
                            2000000.0
                        ],
                        [
                            -7041000.0,
                            1000000.0
                        ],
                        [
                            -8041000.0,
                            1000000.0
                        ],
                        [
                            -8041000.0,
                            2000000.0
                        ]
                    ]
                ]
            }
        },
        {
            "type": "Feature",
            "properties": {
                "tile_id": "R8_C12",
                "left": -7041000,
                "top": 2000000,
                "right": -6041000,
                "bottom": 1000000
            },
            "geometry": {
                "type": "Polygon",
                "coordinates": [
                    [
                        [
                            -7041000.0,
                            2000000.0
                        ],
                        [
                            -6041000.0,
                            2000000.0
                        ],
                        [
                            -6041000.0,
                            1000000.0
                        ],
                        [
                            -7041000.0,
                            1000000.0
                        ],
                        [
                            -7041000.0,
                            2000000.0
                        ]
                    ]
                ]
            }
        },
        {
            "type": "Feature",
            "properties": {
                "tile_id": "R8_C13",
                "left": -6041000,
                "top": 2000000,
                "right": -5041000,
                "bottom": 1000000
            },
            "geometry": {
                "type": "Polygon",
                "coordinates": [
                    [
                        [
                            -6041000.0,
                            2000000.0
                        ],
                        [
                            -5041000.0,
                            2000000.0
                        ],
                        [
                            -5041000.0,
                            1000000.0
                        ],
                        [
                            -6041000.0,
                            1000000.0
                        ],
                        [
                            -6041000.0,
                            2000000.0
                        ]
                    ]
                ]
            }
        },
        {
            "type": "Feature",
            "properties": {
                "tile_id": "R8_C16",
                "left": -3041000,
                "top": 2000000,
                "right": -2041000,
                "bottom": 1000000
            },
            "geometry": {
                "type": "Polygon",
                "coordinates": [
                    [
                        [
                            -3041000.0,
                            2000000.0
                        ],
                        [
                            -2041000.0,
                            2000000.0
                        ],
                        [
                            -2041000.0,
                            1000000.0
                        ],
                        [
                            -3041000.0,
                            1000000.0
                        ],
                        [
                            -3041000.0,
                            2000000.0
                        ]
                    ]
                ]
            }
        },
        {
            "type": "Feature",
            "properties": {
                "tile_id": "R8_C17",
                "left": -2041000,
                "top": 2000000,
                "right": -1041000,
                "bottom": 1000000
            },
            "geometry": {
                "type": "Polygon",
                "coordinates": [
                    [
                        [
                            -2041000.0,
                            2000000.0
                        ],
                        [
                            -1041000.0,
                            2000000.0
                        ],
                        [
                            -1041000.0,
                            1000000.0
                        ],
                        [
                            -2041000.0,
                            1000000.0
                        ],
                        [
                            -2041000.0,
                            2000000.0
                        ]
                    ]
                ]
            }
        },
        {
            "type": "Feature",
            "properties": {
                "tile_id": "R8_C18",
                "left": -1041000,
                "top": 2000000,
                "right": -41000,
                "bottom": 1000000
            },
            "geometry": {
                "type": "Polygon",
                "coordinates": [
                    [
                        [
                            -1041000.0,
                            2000000.0
                        ],
                        [
                            -41000.0,
                            2000000.0
                        ],
                        [
                            -41000.0,
                            1000000.0
                        ],
                        [
                            -1041000.0,
                            1000000.0
                        ],
                        [
                            -1041000.0,
                            2000000.0
                        ]
                    ]
                ]
            }
        },
        {
            "type": "Feature",
            "properties": {
                "tile_id": "R8_C19",
                "left": -41000,
                "top": 2000000,
                "right": 959000,
                "bottom": 1000000
            },
            "geometry": {
                "type": "Polygon",
                "coordinates": [
                    [
                        [
                            -41000.0,
                            2000000.0
                        ],
                        [
                            959000.0,
                            2000000.0
                        ],
                        [
                            959000.0,
                            1000000.0
                        ],
                        [
                            -41000.0,
                            1000000.0
                        ],
                        [
                            -41000.0,
                            2000000.0
                        ]
                    ]
                ]
            }
        },
        {
            "type": "Feature",
            "properties": {
                "tile_id": "R8_C20",
                "left": 959000,
                "top": 2000000,
                "right": 1959000,
                "bottom": 1000000
            },
            "geometry": {
                "type": "Polygon",
                "coordinates": [
                    [
                        [
                            959000.0,
                            2000000.0
                        ],
                        [
                            1959000.0,
                            2000000.0
                        ],
                        [
                            1959000.0,
                            1000000.0
                        ],
                        [
                            959000.0,
                            1000000.0
                        ],
                        [
                            959000.0,
                            2000000.0
                        ]
                    ]
                ]
            }
        },
        {
            "type": "Feature",
            "properties": {
                "tile_id": "R8_C21",
                "left": 1959000,
                "top": 2000000,
                "right": 2959000,
                "bottom": 1000000
            },
            "geometry": {
                "type": "Polygon",
                "coordinates": [
                    [
                        [
                            1959000.0,
                            2000000.0
                        ],
                        [
                            2959000.0,
                            2000000.0
                        ],
                        [
                            2959000.0,
                            1000000.0
                        ],
                        [
                            1959000.0,
                            1000000.0
                        ],
                        [
                            1959000.0,
                            2000000.0
                        ]
                    ]
                ]
            }
        },
        {
            "type": "Feature",
            "properties": {
                "tile_id": "R8_C22",
                "left": 2959000,
                "top": 2000000,
                "right": 3959000,
                "bottom": 1000000
            },
            "geometry": {
                "type": "Polygon",
                "coordinates": [
                    [
                        [
                            2959000.0,
                            2000000.0
                        ],
                        [
                            3959000.0,
                            2000000.0
                        ],
                        [
                            3959000.0,
                            1000000.0
                        ],
                        [
                            2959000.0,
                            1000000.0
                        ],
                        [
                            2959000.0,
                            2000000.0
                        ]
                    ]
                ]
            }
        },
        {
            "type": "Feature",
            "properties": {
                "tile_id": "R8_C23",
                "left": 3959000,
                "top": 2000000,
                "right": 4959000,
                "bottom": 1000000
            },
            "geometry": {
                "type": "Polygon",
                "coordinates": [
                    [
                        [
                            3959000.0,
                            2000000.0
                        ],
                        [
                            4959000.0,
                            2000000.0
                        ],
                        [
                            4959000.0,
                            1000000.0
                        ],
                        [
                            3959000.0,
                            1000000.0
                        ],
                        [
                            3959000.0,
                            2000000.0
                        ]
                    ]
                ]
            }
        },
        {
            "type": "Feature",
            "properties": {
                "tile_id": "R8_C24",
                "left": 4959000,
                "top": 2000000,
                "right": 5959000,
                "bottom": 1000000
            },
            "geometry": {
                "type": "Polygon",
                "coordinates": [
                    [
                        [
                            4959000.0,
                            2000000.0
                        ],
                        [
                            5959000.0,
                            2000000.0
                        ],
                        [
                            5959000.0,
                            1000000.0
                        ],
                        [
                            4959000.0,
                            1000000.0
                        ],
                        [
                            4959000.0,
                            2000000.0
                        ]
                    ]
                ]
            }
        },
        {
            "type": "Feature",
            "properties": {
                "tile_id": "R8_C26",
                "left": 6959000,
                "top": 2000000,
                "right": 7959000,
                "bottom": 1000000
            },
            "geometry": {
                "type": "Polygon",
                "coordinates": [
                    [
                        [
                            6959000.0,
                            2000000.0
                        ],
                        [
                            7959000.0,
                            2000000.0
                        ],
                        [
                            7959000.0,
                            1000000.0
                        ],
                        [
                            6959000.0,
                            1000000.0
                        ],
                        [
                            6959000.0,
                            2000000.0
                        ]
                    ]
                ]
            }
        },
        {
            "type": "Feature",
            "properties": {
                "tile_id": "R8_C27",
                "left": 7959000,
                "top": 2000000,
                "right": 8959000,
                "bottom": 1000000
            },
            "geometry": {
                "type": "Polygon",
                "coordinates": [
                    [
                        [
                            7959000.0,
                            2000000.0
                        ],
                        [
                            8959000.0,
                            2000000.0
                        ],
                        [
                            8959000.0,
                            1000000.0
                        ],
                        [
                            7959000.0,
                            1000000.0
                        ],
                        [
                            7959000.0,
                            2000000.0
                        ]
                    ]
                ]
            }
        },
        {
            "type": "Feature",
            "properties": {
                "tile_id": "R8_C28",
                "left": 8959000,
                "top": 2000000,
                "right": 9959000,
                "bottom": 1000000
            },
            "geometry": {
                "type": "Polygon",
                "coordinates": [
                    [
                        [
                            8959000.0,
                            2000000.0
                        ],
                        [
                            9959000.0,
                            2000000.0
                        ],
                        [
                            9959000.0,
                            1000000.0
                        ],
                        [
                            8959000.0,
                            1000000.0
                        ],
                        [
                            8959000.0,
                            2000000.0
                        ]
                    ]
                ]
            }
        },
        {
            "type": "Feature",
            "properties": {
                "tile_id": "R8_C29",
                "left": 9959000,
                "top": 2000000,
                "right": 10959000,
                "bottom": 1000000
            },
            "geometry": {
                "type": "Polygon",
                "coordinates": [
                    [
                        [
                            9959000.0,
                            2000000.0
                        ],
                        [
                            10959000.0,
                            2000000.0
                        ],
                        [
                            10959000.0,
                            1000000.0
                        ],
                        [
                            9959000.0,
                            1000000.0
                        ],
                        [
                            9959000.0,
                            2000000.0
                        ]
                    ]
                ]
            }
        },
        {
            "type": "Feature",
            "properties": {
                "tile_id": "R8_C30",
                "left": 10959000,
                "top": 2000000,
                "right": 11959000,
                "bottom": 1000000
            },
            "geometry": {
                "type": "Polygon",
                "coordinates": [
                    [
                        [
                            10959000.0,
                            2000000.0
                        ],
                        [
                            11959000.0,
                            2000000.0
                        ],
                        [
                            11959000.0,
                            1000000.0
                        ],
                        [
                            10959000.0,
                            1000000.0
                        ],
                        [
                            10959000.0,
                            2000000.0
                        ]
                    ]
                ]
            }
        },
        {
            "type": "Feature",
            "properties": {
                "tile_id": "R8_C31",
                "left": 11959000,
                "top": 2000000,
                "right": 12959000,
                "bottom": 1000000
            },
            "geometry": {
                "type": "Polygon",
                "coordinates": [
                    [
                        [
                            11959000.0,
                            2000000.0
                        ],
                        [
                            12959000.0,
                            2000000.0
                        ],
                        [
                            12959000.0,
                            1000000.0
                        ],
                        [
                            11959000.0,
                            1000000.0
                        ],
                        [
                            11959000.0,
                            2000000.0
                        ]
                    ]
                ]
            }
        },
        {
            "type": "Feature",
            "properties": {
                "tile_id": "R8_C32",
                "left": 12959000,
                "top": 2000000,
                "right": 13959000,
                "bottom": 1000000
            },
            "geometry": {
                "type": "Polygon",
                "coordinates": [
                    [
                        [
                            12959000.0,
                            2000000.0
                        ],
                        [
                            13959000.0,
                            2000000.0
                        ],
                        [
                            13959000.0,
                            1000000.0
                        ],
                        [
                            12959000.0,
                            1000000.0
                        ],
                        [
                            12959000.0,
                            2000000.0
                        ]
                    ]
                ]
            }
        },
        {
            "type": "Feature",
            "properties": {
                "tile_id": "R8_C33",
                "left": 13959000,
                "top": 2000000,
                "right": 14959000,
                "bottom": 1000000
            },
            "geometry": {
                "type": "Polygon",
                "coordinates": [
                    [
                        [
                            13959000.0,
                            2000000.0
                        ],
                        [
                            14959000.0,
                            2000000.0
                        ],
                        [
                            14959000.0,
                            1000000.0
                        ],
                        [
                            13959000.0,
                            1000000.0
                        ],
                        [
                            13959000.0,
                            2000000.0
                        ]
                    ]
                ]
            }
        },
        {
            "type": "Feature",
            "properties": {
                "tile_id": "R8_C34",
                "left": 14959000,
                "top": 2000000,
                "right": 15959000,
                "bottom": 1000000
            },
            "geometry": {
                "type": "Polygon",
                "coordinates": [
                    [
                        [
                            14959000.0,
                            2000000.0
                        ],
                        [
                            15959000.0,
                            2000000.0
                        ],
                        [
                            15959000.0,
                            1000000.0
                        ],
                        [
                            14959000.0,
                            1000000.0
                        ],
                        [
                            14959000.0,
                            2000000.0
                        ]
                    ]
                ]
            }
        },
        {
            "type": "Feature",
            "properties": {
                "tile_id": "R8_C35",
                "left": 15959000,
                "top": 2000000,
                "right": 16959000,
                "bottom": 1000000
            },
            "geometry": {
                "type": "Polygon",
                "coordinates": [
                    [
                        [
                            15959000.0,
                            2000000.0
                        ],
                        [
                            16959000.0,
                            2000000.0
                        ],
                        [
                            16959000.0,
                            1000000.0
                        ],
                        [
                            15959000.0,
                            1000000.0
                        ],
                        [
                            15959000.0,
                            2000000.0
                        ]
                    ]
                ]
            }
        },
        {
            "type": "Feature",
            "properties": {
                "tile_id": "R8_C36",
                "left": 16959000,
                "top": 2000000,
                "right": 18041000,
                "bottom": 1000000
            },
            "geometry": {
                "type": "Polygon",
                "coordinates": [
                    [
                        [
                            16959000.0,
                            2000000.0
                        ],
                        [
                            18041000.0,
                            2000000.0
                        ],
                        [
                            18041000.0,
                            1000000.0
                        ],
                        [
                            16959000.0,
                            1000000.0
                        ],
                        [
                            16959000.0,
                            2000000.0
                        ]
                    ]
                ]
            }
        },
        {
            "type": "Feature",
            "properties": {
                "tile_id": "R8_C8",
                "left": -11041000,
                "top": 2000000,
                "right": -10041000,
                "bottom": 1000000
            },
            "geometry": {
                "type": "Polygon",
                "coordinates": [
                    [
                        [
                            -11041000.0,
                            2000000.0
                        ],
                        [
                            -10041000.0,
                            2000000.0
                        ],
                        [
                            -10041000.0,
                            1000000.0
                        ],
                        [
                            -11041000.0,
                            1000000.0
                        ],
                        [
                            -11041000.0,
                            2000000.0
                        ]
                    ]
                ]
            }
        },
        {
            "type": "Feature",
            "properties": {
                "tile_id": "R8_C9",
                "left": -10041000,
                "top": 2000000,
                "right": -9041000,
                "bottom": 1000000
            },
            "geometry": {
                "type": "Polygon",
                "coordinates": [
                    [
                        [
                            -10041000.0,
                            2000000.0
                        ],
                        [
                            -9041000.0,
                            2000000.0
                        ],
                        [
                            -9041000.0,
                            1000000.0
                        ],
                        [
                            -10041000.0,
                            1000000.0
                        ],
                        [
                            -10041000.0,
                            2000000.0
                        ]
                    ]
                ]
            }
        },
        {
            "type": "Feature",
            "properties": {
                "tile_id": "R9_C10",
                "left": -9041000,
                "top": 1000000,
                "right": -8041000,
                "bottom": 0
            },
            "geometry": {
                "type": "Polygon",
                "coordinates": [
                    [
                        [
                            -9041000.0,
                            1000000.0
                        ],
                        [
                            -8041000.0,
                            1000000.0
                        ],
                        [
                            -8041000.0,
                            0.0
                        ],
                        [
                            -9041000.0,
                            0.0
                        ],
                        [
                            -9041000.0,
                            1000000.0
                        ]
                    ]
                ]
            }
        },
        {
            "type": "Feature",
            "properties": {
                "tile_id": "R9_C11",
                "left": -8041000,
                "top": 1000000,
                "right": -7041000,
                "bottom": 0
            },
            "geometry": {
                "type": "Polygon",
                "coordinates": [
                    [
                        [
                            -8041000.0,
                            1000000.0
                        ],
                        [
                            -7041000.0,
                            1000000.0
                        ],
                        [
                            -7041000.0,
                            0.0
                        ],
                        [
                            -8041000.0,
                            0.0
                        ],
                        [
                            -8041000.0,
                            1000000.0
                        ]
                    ]
                ]
            }
        },
        {
            "type": "Feature",
            "properties": {
                "tile_id": "R9_C12",
                "left": -7041000,
                "top": 1000000,
                "right": -6041000,
                "bottom": 0
            },
            "geometry": {
                "type": "Polygon",
                "coordinates": [
                    [
                        [
                            -7041000.0,
                            1000000.0
                        ],
                        [
                            -6041000.0,
                            1000000.0
                        ],
                        [
                            -6041000.0,
                            0.0
                        ],
                        [
                            -7041000.0,
                            0.0
                        ],
                        [
                            -7041000.0,
                            1000000.0
                        ]
                    ]
                ]
            }
        },
        {
            "type": "Feature",
            "properties": {
                "tile_id": "R9_C13",
                "left": -6041000,
                "top": 1000000,
                "right": -5041000,
                "bottom": 0
            },
            "geometry": {
                "type": "Polygon",
                "coordinates": [
                    [
                        [
                            -6041000.0,
                            1000000.0
                        ],
                        [
                            -5041000.0,
                            1000000.0
                        ],
                        [
                            -5041000.0,
                            0.0
                        ],
                        [
                            -6041000.0,
                            0.0
                        ],
                        [
                            -6041000.0,
                            1000000.0
                        ]
                    ]
                ]
            }
        },
        {
            "type": "Feature",
            "properties": {
                "tile_id": "R9_C14",
                "left": -5041000,
                "top": 1000000,
                "right": -4041000,
                "bottom": 0
            },
            "geometry": {
                "type": "Polygon",
                "coordinates": [
                    [
                        [
                            -5041000.0,
                            1000000.0
                        ],
                        [
                            -4041000.0,
                            1000000.0
                        ],
                        [
                            -4041000.0,
                            0.0
                        ],
                        [
                            -5041000.0,
                            0.0
                        ],
                        [
                            -5041000.0,
                            1000000.0
                        ]
                    ]
                ]
            }
        },
        {
            "type": "Feature",
            "properties": {
                "tile_id": "R9_C16",
                "left": -3041000,
                "top": 1000000,
                "right": -2041000,
                "bottom": 0
            },
            "geometry": {
                "type": "Polygon",
                "coordinates": [
                    [
                        [
                            -3041000.0,
                            1000000.0
                        ],
                        [
                            -2041000.0,
                            1000000.0
                        ],
                        [
                            -2041000.0,
                            0.0
                        ],
                        [
                            -3041000.0,
                            0.0
                        ],
                        [
                            -3041000.0,
                            1000000.0
                        ]
                    ]
                ]
            }
        },
        {
            "type": "Feature",
            "properties": {
                "tile_id": "R9_C17",
                "left": -2041000,
                "top": 1000000,
                "right": -1041000,
                "bottom": 0
            },
            "geometry": {
                "type": "Polygon",
                "coordinates": [
                    [
                        [
                            -2041000.0,
                            1000000.0
                        ],
                        [
                            -1041000.0,
                            1000000.0
                        ],
                        [
                            -1041000.0,
                            0.0
                        ],
                        [
                            -2041000.0,
                            0.0
                        ],
                        [
                            -2041000.0,
                            1000000.0
                        ]
                    ]
                ]
            }
        },
        {
            "type": "Feature",
            "properties": {
                "tile_id": "R9_C18",
                "left": -1041000,
                "top": 1000000,
                "right": -41000,
                "bottom": 0
            },
            "geometry": {
                "type": "Polygon",
                "coordinates": [
                    [
                        [
                            -1041000.0,
                            1000000.0
                        ],
                        [
                            -41000.0,
                            1000000.0
                        ],
                        [
                            -41000.0,
                            0.0
                        ],
                        [
                            -1041000.0,
                            0.0
                        ],
                        [
                            -1041000.0,
                            1000000.0
                        ]
                    ]
                ]
            }
        },
        {
            "type": "Feature",
            "properties": {
                "tile_id": "R9_C19",
                "left": -41000,
                "top": 1000000,
                "right": 959000,
                "bottom": 0
            },
            "geometry": {
                "type": "Polygon",
                "coordinates": [
                    [
                        [
                            -41000.0,
                            1000000.0
                        ],
                        [
                            959000.0,
                            1000000.0
                        ],
                        [
                            959000.0,
                            0.0
                        ],
                        [
                            -41000.0,
                            0.0
                        ],
                        [
                            -41000.0,
                            1000000.0
                        ]
                    ]
                ]
            }
        },
        {
            "type": "Feature",
            "properties": {
                "tile_id": "R9_C1",
                "left": -18041000,
                "top": 1000000,
                "right": -17041000,
                "bottom": 0
            },
            "geometry": {
                "type": "Polygon",
                "coordinates": [
                    [
                        [
                            -18041000.0,
                            1000000.0
                        ],
                        [
                            -17041000.0,
                            1000000.0
                        ],
                        [
                            -17041000.0,
                            0.0
                        ],
                        [
                            -18041000.0,
                            0.0
                        ],
                        [
                            -18041000.0,
                            1000000.0
                        ]
                    ]
                ]
            }
        },
        {
            "type": "Feature",
            "properties": {
                "tile_id": "R9_C20",
                "left": 959000,
                "top": 1000000,
                "right": 1959000,
                "bottom": 0
            },
            "geometry": {
                "type": "Polygon",
                "coordinates": [
                    [
                        [
                            959000.0,
                            1000000.0
                        ],
                        [
                            1959000.0,
                            1000000.0
                        ],
                        [
                            1959000.0,
                            0.0
                        ],
                        [
                            959000.0,
                            0.0
                        ],
                        [
                            959000.0,
                            1000000.0
                        ]
                    ]
                ]
            }
        },
        {
            "type": "Feature",
            "properties": {
                "tile_id": "R9_C21",
                "left": 1959000,
                "top": 1000000,
                "right": 2959000,
                "bottom": 0
            },
            "geometry": {
                "type": "Polygon",
                "coordinates": [
                    [
                        [
                            1959000.0,
                            1000000.0
                        ],
                        [
                            2959000.0,
                            1000000.0
                        ],
                        [
                            2959000.0,
                            0.0
                        ],
                        [
                            1959000.0,
                            0.0
                        ],
                        [
                            1959000.0,
                            1000000.0
                        ]
                    ]
                ]
            }
        },
        {
            "type": "Feature",
            "properties": {
                "tile_id": "R9_C22",
                "left": 2959000,
                "top": 1000000,
                "right": 3959000,
                "bottom": 0
            },
            "geometry": {
                "type": "Polygon",
                "coordinates": [
                    [
                        [
                            2959000.0,
                            1000000.0
                        ],
                        [
                            3959000.0,
                            1000000.0
                        ],
                        [
                            3959000.0,
                            0.0
                        ],
                        [
                            2959000.0,
                            0.0
                        ],
                        [
                            2959000.0,
                            1000000.0
                        ]
                    ]
                ]
            }
        },
        {
            "type": "Feature",
            "properties": {
                "tile_id": "R9_C23",
                "left": 3959000,
                "top": 1000000,
                "right": 4959000,
                "bottom": 0
            },
            "geometry": {
                "type": "Polygon",
                "coordinates": [
                    [
                        [
                            3959000.0,
                            1000000.0
                        ],
                        [
                            4959000.0,
                            1000000.0
                        ],
                        [
                            4959000.0,
                            0.0
                        ],
                        [
                            3959000.0,
                            0.0
                        ],
                        [
                            3959000.0,
                            1000000.0
                        ]
                    ]
                ]
            }
        },
        {
            "type": "Feature",
            "properties": {
                "tile_id": "R9_C24",
                "left": 4959000,
                "top": 1000000,
                "right": 5959000,
                "bottom": 0
            },
            "geometry": {
                "type": "Polygon",
                "coordinates": [
                    [
                        [
                            4959000.0,
                            1000000.0
                        ],
                        [
                            5959000.0,
                            1000000.0
                        ],
                        [
                            5959000.0,
                            0.0
                        ],
                        [
                            4959000.0,
                            0.0
                        ],
                        [
                            4959000.0,
                            1000000.0
                        ]
                    ]
                ]
            }
        },
        {
            "type": "Feature",
            "properties": {
                "tile_id": "R9_C26",
                "left": 6959000,
                "top": 1000000,
                "right": 7959000,
                "bottom": 0
            },
            "geometry": {
                "type": "Polygon",
                "coordinates": [
                    [
                        [
                            6959000.0,
                            1000000.0
                        ],
                        [
                            7959000.0,
                            1000000.0
                        ],
                        [
                            7959000.0,
                            0.0
                        ],
                        [
                            6959000.0,
                            0.0
                        ],
                        [
                            6959000.0,
                            1000000.0
                        ]
                    ]
                ]
            }
        },
        {
            "type": "Feature",
            "properties": {
                "tile_id": "R9_C27",
                "left": 7959000,
                "top": 1000000,
                "right": 8959000,
                "bottom": 0
            },
            "geometry": {
                "type": "Polygon",
                "coordinates": [
                    [
                        [
                            7959000.0,
                            1000000.0
                        ],
                        [
                            8959000.0,
                            1000000.0
                        ],
                        [
                            8959000.0,
                            0.0
                        ],
                        [
                            7959000.0,
                            0.0
                        ],
                        [
                            7959000.0,
                            1000000.0
                        ]
                    ]
                ]
            }
        },
        {
            "type": "Feature",
            "properties": {
                "tile_id": "R9_C28",
                "left": 8959000,
                "top": 1000000,
                "right": 9959000,
                "bottom": 0
            },
            "geometry": {
                "type": "Polygon",
                "coordinates": [
                    [
                        [
                            8959000.0,
                            1000000.0
                        ],
                        [
                            9959000.0,
                            1000000.0
                        ],
                        [
                            9959000.0,
                            0.0
                        ],
                        [
                            8959000.0,
                            0.0
                        ],
                        [
                            8959000.0,
                            1000000.0
                        ]
                    ]
                ]
            }
        },
        {
            "type": "Feature",
            "properties": {
                "tile_id": "R9_C29",
                "left": 9959000,
                "top": 1000000,
                "right": 10959000,
                "bottom": 0
            },
            "geometry": {
                "type": "Polygon",
                "coordinates": [
                    [
                        [
                            9959000.0,
                            1000000.0
                        ],
                        [
                            10959000.0,
                            1000000.0
                        ],
                        [
                            10959000.0,
                            0.0
                        ],
                        [
                            9959000.0,
                            0.0
                        ],
                        [
                            9959000.0,
                            1000000.0
                        ]
                    ]
                ]
            }
        },
        {
            "type": "Feature",
            "properties": {
                "tile_id": "R9_C2",
                "left": -17041000,
                "top": 1000000,
                "right": -16041000,
                "bottom": 0
            },
            "geometry": {
                "type": "Polygon",
                "coordinates": [
                    [
                        [
                            -17041000.0,
                            1000000.0
                        ],
                        [
                            -16041000.0,
                            1000000.0
                        ],
                        [
                            -16041000.0,
                            0.0
                        ],
                        [
                            -17041000.0,
                            0.0
                        ],
                        [
                            -17041000.0,
                            1000000.0
                        ]
                    ]
                ]
            }
        },
        {
            "type": "Feature",
            "properties": {
                "tile_id": "R9_C30",
                "left": 10959000,
                "top": 1000000,
                "right": 11959000,
                "bottom": 0
            },
            "geometry": {
                "type": "Polygon",
                "coordinates": [
                    [
                        [
                            10959000.0,
                            1000000.0
                        ],
                        [
                            11959000.0,
                            1000000.0
                        ],
                        [
                            11959000.0,
                            0.0
                        ],
                        [
                            10959000.0,
                            0.0
                        ],
                        [
                            10959000.0,
                            1000000.0
                        ]
                    ]
                ]
            }
        },
        {
            "type": "Feature",
            "properties": {
                "tile_id": "R9_C31",
                "left": 11959000,
                "top": 1000000,
                "right": 12959000,
                "bottom": 0
            },
            "geometry": {
                "type": "Polygon",
                "coordinates": [
                    [
                        [
                            11959000.0,
                            1000000.0
                        ],
                        [
                            12959000.0,
                            1000000.0
                        ],
                        [
                            12959000.0,
                            0.0
                        ],
                        [
                            11959000.0,
                            0.0
                        ],
                        [
                            11959000.0,
                            1000000.0
                        ]
                    ]
                ]
            }
        },
        {
            "type": "Feature",
            "properties": {
                "tile_id": "R9_C32",
                "left": 12959000,
                "top": 1000000,
                "right": 13959000,
                "bottom": 0
            },
            "geometry": {
                "type": "Polygon",
                "coordinates": [
                    [
                        [
                            12959000.0,
                            1000000.0
                        ],
                        [
                            13959000.0,
                            1000000.0
                        ],
                        [
                            13959000.0,
                            0.0
                        ],
                        [
                            12959000.0,
                            0.0
                        ],
                        [
                            12959000.0,
                            1000000.0
                        ]
                    ]
                ]
            }
        },
        {
            "type": "Feature",
            "properties": {
                "tile_id": "R9_C33",
                "left": 13959000,
                "top": 1000000,
                "right": 14959000,
                "bottom": 0
            },
            "geometry": {
                "type": "Polygon",
                "coordinates": [
                    [
                        [
                            13959000.0,
                            1000000.0
                        ],
                        [
                            14959000.0,
                            1000000.0
                        ],
                        [
                            14959000.0,
                            0.0
                        ],
                        [
                            13959000.0,
                            0.0
                        ],
                        [
                            13959000.0,
                            1000000.0
                        ]
                    ]
                ]
            }
        },
        {
            "type": "Feature",
            "properties": {
                "tile_id": "R9_C34",
                "left": 14959000,
                "top": 1000000,
                "right": 15959000,
                "bottom": 0
            },
            "geometry": {
                "type": "Polygon",
                "coordinates": [
                    [
                        [
                            14959000.0,
                            1000000.0
                        ],
                        [
                            15959000.0,
                            1000000.0
                        ],
                        [
                            15959000.0,
                            0.0
                        ],
                        [
                            14959000.0,
                            0.0
                        ],
                        [
                            14959000.0,
                            1000000.0
                        ]
                    ]
                ]
            }
        },
        {
            "type": "Feature",
            "properties": {
                "tile_id": "R9_C35",
                "left": 15959000,
                "top": 1000000,
                "right": 16959000,
                "bottom": 0
            },
            "geometry": {
                "type": "Polygon",
                "coordinates": [
                    [
                        [
                            15959000.0,
                            1000000.0
                        ],
                        [
                            16959000.0,
                            1000000.0
                        ],
                        [
                            16959000.0,
                            0.0
                        ],
                        [
                            15959000.0,
                            0.0
                        ],
                        [
                            15959000.0,
                            1000000.0
                        ]
                    ]
                ]
            }
        },
        {
            "type": "Feature",
            "properties": {
                "tile_id": "R9_C36",
                "left": 16959000,
                "top": 1000000,
                "right": 18041000,
                "bottom": 0
            },
            "geometry": {
                "type": "Polygon",
                "coordinates": [
                    [
                        [
                            16959000.0,
                            1000000.0
                        ],
                        [
                            18041000.0,
                            1000000.0
                        ],
                        [
                            18041000.0,
                            0.0
                        ],
                        [
                            16959000.0,
                            0.0
                        ],
                        [
                            16959000.0,
                            1000000.0
                        ]
                    ]
                ]
            }
        },
        {
            "type": "Feature",
            "properties": {
                "tile_id": "R9_C3",
                "left": -16041000,
                "top": 1000000,
                "right": -15041000,
                "bottom": 0
            },
            "geometry": {
                "type": "Polygon",
                "coordinates": [
                    [
                        [
                            -16041000.0,
                            1000000.0
                        ],
                        [
                            -15041000.0,
                            1000000.0
                        ],
                        [
                            -15041000.0,
                            0.0
                        ],
                        [
                            -16041000.0,
                            0.0
                        ],
                        [
                            -16041000.0,
                            1000000.0
                        ]
                    ]
                ]
            }
        },
        {
            "type": "Feature",
            "properties": {
                "tile_id": "R9_C9",
                "left": -10041000,
                "top": 1000000,
                "right": -9041000,
                "bottom": 0
            },
            "geometry": {
                "type": "Polygon",
                "coordinates": [
                    [
                        [
                            -10041000.0,
                            1000000.0
                        ],
                        [
                            -9041000.0,
                            1000000.0
                        ],
                        [
                            -9041000.0,
                            0.0
                        ],
                        [
                            -10041000.0,
                            0.0
                        ],
                        [
                            -10041000.0,
                            1000000.0
                        ]
                    ]
                ]
            }
        }
    ]
}
